iteration,reward_mean,length_mean,games,loss
1000,1287.12,29.12,8,0.047730520367622375
2000,1153.12,25.5,8,0.029639311134815216
3000,1020.75,22.0,8,0.01943761482834816
4000,1189.75,26.5,8,0.03959295153617859
5000,1235.75,27.5,8,0.02827771008014679
6000,1112.67,24.33,9,0.012927090749144554
7000,1187.38,26.62,8,0.03977850824594498
8000,1133.88,25.38,8,0.0512043759226799
9000,1128.12,24.62,8,0.028564540669322014
10000,1144.88,25.25,8,0.04043838754296303
11000,1319.62,29.75,8,0.03300934284925461
12000,1058.62,22.88,8,0.0322904996573925
13000,1163.62,26.12,8,0.03286117687821388
14000,1104.5,24.62,8,0.03774726390838623
15000,1116.75,24.62,8,0.028556276112794876
16000,1110.62,24.62,8,0.02396232634782791
17000,932.0,20.0,8,0.04445865377783775
18000,1040.75,22.5,8,0.023222582414746284
19000,1195.88,26.62,8,0.042314305901527405
20000,1087.75,23.75,8,0.04402748495340347
21000,906.5,19.38,8,0.022206522524356842
22000,1170.75,26.0,8,0.09898807853460312
23000,964.12,20.62,8,0.028038425371050835
24000,841.0,17.88,8,0.02354111149907112
25000,1024.78,22.11,9,0.030912216752767563
26000,1014.5,22.0,8,0.03262234479188919
27000,1206.5,26.88,8,0.03824291378259659
28000,1130.0,24.75,8,0.03428424149751663
29000,1177.5,26.38,8,0.029554706066846848
30000,1243.88,28.0,8,0.01879030093550682
31000,1115.62,24.88,8,0.02235613390803337
32000,1076.62,23.62,8,0.03594054654240608
33000,1126.25,25.75,8,0.015553251840174198
34000,1016.12,22.12,8,0.023175209760665894
35000,1194.0,26.62,8,0.015172315761446953
36000,1165.0,25.5,8,0.03414233773946762
37000,1112.62,24.62,8,0.023044325411319733
38000,1220.12,27.0,8,0.03783084452152252
39000,1017.12,21.88,8,0.04290621355175972
40000,1327.5,30.12,8,0.04567355662584305
41000,1043.75,22.62,8,0.023199381306767464
42000,1183.5,26.12,8,0.02381506934762001
43000,1302.75,29.5,8,0.020253513008356094
44000,1226.25,27.25,8,0.042746253311634064
45000,1127.62,24.88,8,0.011553793214261532
46000,1145.38,25.25,8,0.03122277930378914
47000,1307.25,29.5,8,0.054077085107564926
48000,1373.12,31.62,8,0.04739130288362503
49000,1244.38,28.12,8,0.016337856650352478
50000,1075.62,23.5,8,0.014624916017055511
51000,1268.38,28.62,8,0.019603628665208817
52000,1161.62,25.88,8,0.022908609360456467
53000,957.12,20.88,8,0.026024114340543747
54000,1382.0,32.12,8,0.016995428130030632
55000,1214.38,27.12,8,0.01983945071697235
56000,1180.12,26.12,8,0.020201262086629868
57000,1320.5,30.0,8,0.05188342183828354
58000,1146.38,25.25,8,0.016935311257839203
59000,1278.75,29.12,8,0.040114350616931915
60000,1119.0,24.5,8,0.02927234023809433
61000,1224.5,27.12,8,0.022727448493242264
62000,1275.5,29.25,8,0.019298456609249115
63000,1268.88,28.62,8,0.028630800545215607
64000,1019.25,21.88,8,0.020567044615745544
65000,1227.88,27.25,8,0.05814553052186966
66000,1247.88,28.25,8,0.01746336556971073
67000,1082.62,23.5,8,0.023983178660273552
68000,1091.88,23.88,8,0.015779130160808563
69000,1244.62,27.88,8,0.01595226861536503
70000,1084.5,23.88,8,0.02116953767836094
71000,888.5,18.88,8,0.01795002818107605
72000,1170.0,25.75,8,0.060390107333660126
73000,1079.5,23.5,8,0.046220943331718445
74000,1176.88,25.88,8,0.022805634886026382
75000,1269.25,29.0,8,0.05269866809248924
76000,1113.12,24.25,8,0.020753007382154465
77000,1245.0,27.75,8,0.015147273428738117
78000,954.88,20.88,8,0.023122776299715042
79000,1076.38,23.75,8,0.024048417806625366
80000,1134.12,25.0,8,0.027105964720249176
81000,981.75,21.88,8,0.018843986093997955
82000,1267.88,28.75,8,0.013603907078504562
83000,1322.88,30.25,8,0.014688657596707344
84000,1253.62,28.5,8,0.0260072760283947
85000,1107.12,24.0,8,0.01442295964807272
86000,1205.25,26.88,8,0.02746935561299324
87000,1331.88,30.25,8,0.017299950122833252
88000,1235.88,27.75,8,0.02359088324010372
89000,1119.62,24.5,8,0.014576182700693607
90000,1175.38,26.0,8,0.02562844567000866
91000,1141.38,25.0,8,0.026983298361301422
92000,1345.5,30.62,8,0.03217659890651703
93000,1169.5,25.88,8,0.047667644917964935
94000,1079.62,23.88,8,0.02368222363293171
95000,1182.5,26.38,8,0.05704006552696228
96000,1208.5,26.88,8,0.05022665858268738
97000,1139.25,25.25,8,0.020151004195213318
98000,1129.0,25.0,8,0.021898800507187843
99000,1116.0,24.75,8,0.013889903202652931
100000,1376.75,32.0,8,0.016885671764612198
101000,1237.75,27.88,8,0.02249973639845848
102000,1057.62,24.0,8,0.015254915691912174
103000,1204.75,26.62,8,0.020700493827462196
104000,890.88,19.25,8,0.014856143854558468
105000,1167.25,25.75,8,0.013909495435655117
106000,1205.75,26.75,8,0.019787434488534927
107000,1285.12,29.25,8,0.016401875764131546
108000,1162.12,25.62,8,0.04743347316980362
109000,1269.5,29.12,8,0.023824775591492653
110000,1300.38,29.88,8,0.04680981487035751
111000,1273.38,28.88,8,0.014042871072888374
112000,1254.62,28.25,8,0.04405364394187927
113000,1307.12,29.75,8,0.015559338964521885
114000,1204.0,26.88,8,0.020446356385946274
115000,1218.38,27.12,8,0.031699154525995255
116000,1406.5,32.75,8,0.02114160917699337
117000,1143.12,25.12,8,0.017026487737894058
118000,1124.25,25.25,8,0.04820088669657707
119000,1225.88,27.25,8,0.018842000514268875
120000,1088.88,23.62,8,0.03522251918911934
121000,1264.0,28.38,8,0.019701505079865456
122000,1121.25,24.38,8,0.025468438863754272
123000,1183.38,26.5,8,0.02293611317873001
124000,1366.62,31.62,8,0.02102726139128208
125000,1320.12,30.0,8,0.01735343597829342
126000,1176.5,26.12,8,0.012477265670895576
127000,1138.75,25.38,8,0.021244872361421585
128000,1263.88,28.62,8,0.018877772614359856
129000,1387.88,32.12,8,0.04256782680749893
130000,1238.25,27.5,8,0.018126681447029114
131000,1283.38,28.88,8,0.01604030281305313
132000,1051.25,22.88,8,0.013380450196564198
133000,1130.88,25.0,8,0.01313587836921215
134000,1271.5,29.0,8,0.013157432898879051
135000,1220.0,27.25,8,0.013037304393947124
136000,1241.12,27.75,8,0.02185339853167534
137000,1211.75,27.12,8,0.023210618644952774
138000,1101.0,24.0,8,0.016585350036621094
139000,1239.5,27.88,8,0.0297680776566267
140000,1232.38,27.5,8,0.019313355907797813
141000,1354.88,31.12,8,0.02087368257343769
142000,1287.75,29.0,8,0.028903938829898834
143000,1302.88,29.5,8,0.016827328130602837
144000,1236.5,28.38,8,0.01220344565808773
145000,1144.12,25.12,8,0.022526737302541733
146000,1209.75,27.0,8,0.036486245691776276
147000,1270.12,28.62,8,0.016812540590763092
148000,1113.12,24.5,8,0.03694712370634079
149000,1095.0,24.38,8,0.017204515635967255
150000,1196.0,27.38,8,0.012015542015433311
151000,1155.75,25.75,8,0.012895168736577034
152000,1338.0,30.62,8,0.017710329964756966
153000,1348.5,31.0,8,0.027296487241983414
154000,1125.25,24.75,8,0.02074480429291725
155000,1307.5,29.62,8,0.05110087990760803
156000,1163.38,25.5,8,0.057042334228754044
157000,1249.5,27.88,8,0.05347273871302605
158000,915.75,20.0,8,0.05944919213652611
159000,1176.0,26.22,9,0.031919702887535095
160000,1152.75,25.75,8,0.020072713494300842
161000,1288.0,29.12,8,0.03405226022005081
162000,1140.62,25.5,8,0.018195420503616333
163000,1214.88,27.25,8,0.023669984191656113
164000,1248.5,28.0,8,0.031210001558065414
165000,1221.62,27.12,8,0.06454338878393173
166000,1314.25,30.5,8,0.10454417020082474
167000,1214.5,26.88,8,0.016580233350396156
168000,1251.5,28.0,8,0.016805019229650497
169000,1238.62,27.75,8,0.018085692077875137
170000,971.0,21.12,8,0.03186621516942978
171000,1215.12,27.5,8,0.04419604688882828
172000,1225.38,27.12,8,0.01762080192565918
173000,1168.67,26.11,9,0.009721526876091957
174000,1290.12,29.62,8,0.011465273797512054
175000,1323.62,30.38,8,0.01572604477405548
176000,1175.62,26.12,8,0.021255172789096832
177000,1382.38,32.0,8,0.04035300761461258
178000,1202.62,26.88,8,0.028070658445358276
179000,1329.5,30.38,8,0.023916779085993767
180000,1247.0,28.0,8,0.01954396814107895
181000,1280.5,28.88,8,0.016013460233807564
182000,1278.25,29.0,8,0.019723860546946526
183000,1268.0,28.5,8,0.014888298697769642
184000,1348.12,31.38,8,0.02129237912595272
185000,1193.0,26.5,8,0.04559002071619034
186000,1305.75,29.62,8,0.017424892634153366
187000,1205.5,26.88,8,0.02591048926115036
188000,1389.38,32.38,8,0.014331761747598648
189000,1307.12,29.75,8,0.013503488153219223
190000,1282.62,29.0,8,0.03321375697851181
191000,1152.5,25.25,8,0.011390281841158867
192000,1311.0,29.62,8,0.02390957437455654
193000,884.62,19.25,8,0.04293446242809296
194000,1275.12,28.62,8,0.022939546033740044
195000,1310.38,30.25,8,0.02483084797859192
196000,1188.62,26.75,8,0.019532255828380585
197000,1262.0,28.25,8,0.026982858777046204
198000,1071.0,23.5,8,0.021398477256298065
199000,1179.25,25.88,8,0.043318383395671844
200000,1332.12,30.62,8,0.019230615347623825
201000,1044.12,22.62,8,0.045132070779800415
202000,1013.12,21.88,8,0.02280140295624733
203000,1134.12,24.75,8,0.02918432652950287
204000,1258.5,28.88,8,0.05124519020318985
205000,1184.88,26.38,8,0.04470859095454216
206000,1322.12,30.0,8,0.015798620879650116
207000,1295.62,29.25,8,0.022660784423351288
208000,1111.12,25.12,8,0.017444809898734093
209000,1187.0,26.25,8,0.051075778901576996
210000,1224.62,27.25,8,0.0211856160312891
211000,1150.0,25.88,8,0.015926476567983627
212000,1177.25,26.0,8,0.038269639015197754
213000,1121.12,24.38,8,0.019681554287672043
214000,992.88,21.25,8,0.019081750884652138
215000,1050.75,22.75,8,0.02428104728460312
216000,1187.62,26.75,8,0.013233296573162079
217000,1460.88,34.88,8,0.025001347064971924
218000,1202.12,27.12,8,0.015784846618771553
219000,1239.62,27.88,8,0.022160604596138
220000,1222.38,27.62,8,0.056808728724718094
221000,396.62,9.25,8,0.023233864456415176
222000,1048.12,23.38,8,0.02950240671634674
223000,1250.12,28.12,8,0.012076222337782383
224000,1149.5,25.5,8,0.02744969353079796
225000,934.38,20.25,8,0.015224294736981392
226000,1037.12,23.62,8,0.033907484263181686
227000,1093.75,24.5,8,0.029282279312610626
228000,1245.25,28.25,8,0.02317623421549797
229000,1226.62,27.5,8,0.058101050555706024
230000,1225.75,27.25,8,0.01513948105275631
231000,1304.12,29.62,8,0.021522626280784607
232000,1243.22,28.56,9,0.024961097165942192
233000,1223.12,27.62,8,0.016347015276551247
234000,1220.88,27.25,8,0.07164864242076874
235000,1087.5,24.38,8,0.03941646218299866
236000,1139.75,25.25,8,0.021094314754009247
237000,1005.25,21.88,8,0.0558130219578743
238000,1273.88,28.62,8,0.025723906233906746
239000,1212.88,26.75,8,0.047642145305871964
240000,970.0,21.5,8,0.029276859015226364
241000,1301.12,30.0,8,0.015359252691268921
242000,1173.62,26.5,8,0.03867831453680992
243000,1264.88,28.5,8,0.015170459635555744
244000,1289.75,29.12,8,0.017961010336875916
245000,1122.12,24.5,8,0.0148041732609272
246000,1197.25,26.38,8,0.028616802766919136
247000,1359.5,31.5,8,0.01858721300959587
248000,1111.75,24.38,8,0.013735269196331501
249000,1242.75,27.88,8,0.015885576605796814
250000,1086.5,23.5,8,0.02613610401749611
251000,1333.62,30.88,8,0.022818071767687798
252000,1385.12,32.0,8,0.026789819821715355
253000,1361.88,31.25,8,0.017820974811911583
254000,946.25,21.38,8,0.03353559225797653
255000,1302.88,29.75,8,0.021644052118062973
256000,1257.0,28.5,8,0.06743231415748596
257000,1274.75,29.0,8,0.03543240949511528
258000,1160.88,25.5,8,0.061820052564144135
259000,1224.75,27.38,8,0.019229084253311157
260000,1397.12,32.25,8,0.018619855865836143
261000,1158.88,25.5,8,0.014921139925718307
262000,1304.25,30.12,8,0.015656447038054466
263000,1197.75,26.75,8,0.03651898354291916
264000,1293.5,29.5,8,0.015267249196767807
265000,1201.88,26.88,8,0.02406088449060917
266000,1256.5,28.25,8,0.0371234193444252
267000,1194.88,26.5,8,0.05700749531388283
268000,1296.12,29.38,8,0.016840102151036263
269000,1125.88,25.0,8,0.016204673796892166
270000,1248.88,28.12,8,0.02865155227482319
271000,1231.0,27.5,8,0.01658243127167225
272000,1144.88,25.12,8,0.03963102772831917
273000,1135.25,25.0,8,0.039700623601675034
274000,1266.12,28.5,8,0.03317616507411003
275000,1191.25,26.5,8,0.022150985896587372
276000,1366.75,31.5,8,0.01644875481724739
277000,1204.25,27.0,8,0.014402990229427814
278000,1198.25,26.5,8,0.030543899163603783
279000,1077.0,23.38,8,0.021350279450416565
280000,1301.25,29.5,8,0.017450321465730667
281000,1367.62,31.75,8,0.03564595431089401
282000,1302.67,29.78,9,0.02603709138929844
283000,1336.75,30.38,8,0.026727113872766495
284000,1297.88,29.62,8,0.024133648723363876
285000,1166.75,26.25,8,0.019983181729912758
286000,1365.75,31.5,8,0.012794163078069687
287000,1015.0,22.25,8,0.0292363204061985
288000,1173.12,25.88,8,0.010149095207452774
289000,1162.62,26.0,8,0.0220627598464489
290000,1317.38,29.88,8,0.019326524809002876
291000,1212.88,26.88,8,0.01716209389269352
292000,1179.62,26.25,8,0.013639557175338268
293000,1382.25,31.75,8,0.016761403530836105
294000,1164.75,25.88,8,0.015399700030684471
295000,1274.75,28.88,8,0.02882259711623192
296000,1344.0,30.88,8,0.05518811568617821
297000,1228.88,27.25,8,0.030415453016757965
298000,1259.75,28.38,8,0.018058892339468002
299000,1296.62,29.5,8,0.02389087900519371
300000,1355.12,31.5,8,0.02781926840543747
301000,1026.38,22.25,8,0.028001131489872932
302000,1246.12,27.88,8,0.021713629364967346
303000,1365.0,31.5,8,0.01638936623930931
304000,1275.75,28.75,8,0.01778504252433777
305000,1202.62,26.75,8,0.022021492943167686
306000,1123.62,24.5,8,0.016710326075553894
307000,1368.75,31.88,8,0.016704896464943886
308000,1369.0,31.88,8,0.030501343309879303
309000,1138.75,25.38,8,0.015759434551000595
310000,1205.62,26.88,8,0.023955712094902992
311000,1332.12,30.75,8,0.01136230118572712
312000,1305.62,29.62,8,0.012765154242515564
313000,880.25,19.88,8,0.030393537133932114
314000,1306.62,29.75,8,0.012891829945147038
315000,1227.38,27.5,8,0.019010508432984352
316000,1206.25,26.75,8,0.010862287133932114
317000,1389.12,32.5,8,0.013687516562640667
318000,1236.25,27.75,8,0.02478763833642006
319000,1279.75,28.88,8,0.05070602148771286
320000,1323.5,30.0,8,0.022391896694898605
321000,1483.0,35.12,8,0.06863506138324738
322000,1047.38,22.88,8,0.03491548076272011
323000,1134.62,24.75,8,0.009943104349076748
324000,1337.62,30.5,8,0.03263566270470619
325000,1341.38,31.0,8,0.01705097034573555
326000,1128.5,25.0,8,0.014856429770588875
327000,1233.12,27.62,8,0.015923963859677315
328000,1131.38,25.38,8,0.011873627081513405
329000,729.25,15.75,8,0.042317938059568405
330000,1165.78,25.78,9,0.017226632684469223
331000,1199.75,26.62,8,0.014544710516929626
332000,1247.38,28.75,8,0.02729075960814953
333000,1190.0,26.75,8,0.009565810672938824
334000,1095.0,23.88,8,0.01048625260591507
335000,1232.62,27.88,8,0.04154257848858833
336000,1366.75,31.5,8,0.024919642135500908
337000,1283.12,29.0,8,0.012494303286075592
338000,1293.62,29.12,8,0.03772657364606857
339000,1265.5,28.62,8,0.012422889471054077
340000,1221.75,27.5,8,0.013057769276201725
341000,1333.62,30.62,8,0.015018732286989689
342000,1294.75,29.38,8,0.01880134642124176
343000,1200.5,26.5,8,0.013055908493697643
344000,1100.38,24.0,8,0.06275906413793564
345000,1149.0,25.38,8,0.01053437776863575
346000,1324.88,31.5,8,0.007636524271219969
347000,1273.0,29.0,9,0.011420839466154575
348000,1211.38,26.88,8,0.014756494201719761
349000,1231.25,27.38,8,0.02393263764679432
350000,1337.88,30.75,8,0.010252559557557106
351000,1336.12,30.88,8,0.031143510714173317
352000,1352.88,31.12,8,0.02352064847946167
353000,1259.25,28.5,8,0.023964500054717064
354000,1153.25,25.62,8,0.01572023332118988
355000,1233.0,27.75,8,0.05003906786441803
356000,1231.75,27.5,8,0.011479035019874573
357000,1245.5,27.75,8,0.017799414694309235
358000,1047.12,22.88,8,0.01549810916185379
359000,1377.62,32.0,8,0.02912670373916626
360000,1387.25,31.88,8,0.01278640516102314
361000,1210.75,26.75,8,0.020230412483215332
362000,1140.0,25.25,8,0.02664639800786972
363000,1242.0,27.88,8,0.02780064195394516
364000,1235.12,27.62,8,0.014170289970934391
365000,1322.88,30.5,8,0.03865065798163414
366000,1390.38,32.12,8,0.014104953035712242
367000,1393.38,32.25,8,0.036681532859802246
368000,1241.75,28.12,8,0.011343986727297306
369000,1275.88,28.88,8,0.010206503793597221
370000,1183.62,26.25,8,0.015611636452376842
371000,1343.38,31.0,8,0.021758534014225006
372000,1239.38,28.38,8,0.006623889319598675
373000,1265.0,28.5,8,0.009592860005795956
374000,1296.62,29.38,8,0.08027925342321396
375000,1315.62,29.75,8,0.010680138133466244
376000,1138.12,25.75,8,0.030367858707904816
377000,1475.12,35.0,8,0.01434851624071598
378000,1395.62,32.25,8,0.01943759247660637
379000,1164.12,25.88,8,0.012766288593411446
380000,1296.62,29.38,8,0.04393564909696579
381000,1243.25,28.0,8,0.012409703806042671
382000,1256.5,28.12,8,0.011602894403040409
383000,1367.5,31.62,8,0.035827890038490295
384000,1190.75,26.5,8,0.027239631861448288
385000,1099.25,24.0,8,0.019490255042910576
386000,1371.75,32.12,8,0.012493491172790527
387000,1239.0,27.75,8,0.017403606325387955
388000,1240.88,27.62,8,0.03137872368097305
389000,1339.75,31.25,8,0.01059567742049694
390000,1121.88,25.5,8,0.00986976083368063
391000,1018.5,22.25,8,0.014528041705489159
392000,1271.62,28.62,8,0.013693143613636494
393000,1298.12,29.75,8,0.029581774026155472
394000,1172.12,26.25,8,0.03941649943590164
395000,1398.67,32.89,9,0.015420837327837944
396000,1300.75,29.75,8,0.01765967346727848
397000,1444.62,33.88,8,0.008408007211983204
398000,1346.12,31.0,8,0.012650292366743088
399000,1268.0,28.62,8,0.040716901421546936
400000,1375.12,31.75,8,0.009042199701070786
401000,1293.88,29.62,8,0.05313052609562874
402000,1369.38,31.88,8,0.018098941072821617
403000,1428.12,33.38,8,0.01539432629942894
404000,1409.0,33.25,8,0.024363800883293152
405000,1227.0,27.75,8,0.012160783633589745
406000,1431.62,33.75,8,0.021907487884163857
407000,1387.25,32.12,8,0.010039005428552628
408000,1477.0,35.0,8,0.024927034974098206
409000,1397.88,32.5,8,0.0182659775018692
410000,1180.44,26.56,9,0.05588488280773163
411000,1236.0,27.88,8,0.013569878414273262
412000,1242.75,28.38,8,0.013363593257963657
413000,1066.25,23.25,8,0.03055890090763569
414000,1361.0,31.25,8,0.012882180511951447
415000,1267.88,28.5,8,0.011419136077165604
416000,1366.75,31.5,8,0.017470771446824074
417000,1264.88,28.38,8,0.02267587184906006
418000,1280.0,28.88,8,0.011976225301623344
419000,1291.5,29.38,8,0.01716390624642372
420000,1395.62,32.5,8,0.026613090187311172
421000,1215.88,27.12,8,0.022739436477422714
422000,1205.62,27.25,8,0.04461057484149933
423000,1247.75,28.62,8,0.01938736066222191
424000,1400.5,32.75,8,0.009827704168856144
425000,1370.25,31.5,8,0.00949002243578434
426000,1348.0,30.75,8,0.01056244783103466
427000,1397.38,32.75,8,0.049315791577100754
428000,1440.88,34.38,8,0.02260676771402359
429000,1173.38,26.0,8,0.012898208573460579
430000,1352.38,31.25,8,0.08784995973110199
431000,1374.0,31.88,8,0.014851047657430172
432000,1436.38,34.0,8,0.01140903402119875
433000,1314.12,30.5,8,0.018778860569000244
434000,1345.75,31.12,8,0.018909335136413574
435000,1343.22,31.11,9,0.03328927606344223
436000,1347.88,30.75,8,0.014264075085520744
437000,1193.38,26.75,8,0.01006343960762024
438000,1420.75,33.62,8,0.015514549799263477
439000,1379.5,32.75,8,0.01362598966807127
440000,1326.38,30.25,8,0.053246308118104935
441000,1301.38,29.88,8,0.016692323610186577
442000,1433.62,33.75,8,0.01834709756076336
443000,1217.62,27.75,8,0.028145436197519302
444000,1396.75,32.38,8,0.009386353194713593
445000,1303.62,29.88,8,0.01316741667687893
446000,1385.88,32.0,8,0.019786179065704346
447000,1457.38,34.75,8,0.013933857902884483
448000,1320.88,30.25,8,0.009321631863713264
449000,1404.25,33.38,8,0.023397671058773994
450000,1129.75,24.88,8,0.0366906076669693
451000,1388.0,32.62,8,0.009204375557601452
452000,1256.88,28.0,8,0.011373238638043404
453000,1217.25,27.38,8,0.01144610345363617
454000,1400.5,33.0,8,0.01294768787920475
455000,1355.5,31.88,8,0.007073158398270607
456000,1286.25,29.0,8,0.017918497323989868
457000,1303.0,29.88,8,0.013260780833661556
458000,1167.88,25.75,8,0.015266597270965576
459000,1336.75,30.75,8,0.02808210998773575
460000,1364.75,31.5,8,0.011214311234652996
461000,1322.38,30.62,8,0.017299242317676544
462000,1383.62,32.0,8,0.013747695833444595
463000,1355.5,31.62,8,0.016891423612833023
464000,1124.62,25.0,8,0.04641249030828476
465000,1250.5,28.12,8,0.015132926404476166
466000,1309.38,29.75,8,0.02946402318775654
467000,1253.25,28.12,8,0.04062642157077789
468000,1400.12,32.62,8,0.014383095316588879
469000,1398.25,33.12,8,0.028264284133911133
470000,1084.62,24.12,8,0.008843951858580112
471000,1317.12,30.12,8,0.012621909379959106
472000,1383.62,32.12,8,0.009275263175368309
473000,1219.25,27.12,8,0.021990269422531128
474000,1275.75,28.88,8,0.012230003252625465
475000,1356.5,31.5,8,0.010226758196949959
476000,1262.12,28.5,8,0.023497752845287323
477000,1509.62,36.62,8,0.02092403545975685
478000,1282.88,29.25,8,0.015773974359035492
479000,1416.75,33.88,8,0.01075584813952446
480000,1225.67,28.33,9,0.010714195668697357
481000,1323.5,30.38,8,0.008574859239161015
482000,1462.88,34.62,8,0.010518057271838188
483000,1315.5,29.88,8,0.00783963967114687
484000,1183.25,27.12,8,0.014821180142462254
485000,1361.25,31.38,8,0.015098875388503075
486000,1304.12,29.62,8,0.00888255424797535
487000,1302.62,30.25,8,0.017065096646547318
488000,1343.12,30.75,8,0.012386773712933064
489000,1270.12,29.12,8,0.014683066867291927
490000,1386.38,32.25,8,0.014644753187894821
491000,1382.75,32.12,8,0.041625868529081345
492000,1418.75,33.5,8,0.010570142418146133
493000,1390.25,32.38,8,0.019467588514089584
494000,1422.38,33.5,8,0.013477570377290249
495000,1226.25,27.5,8,0.014938396401703358
496000,1423.0,33.5,8,0.020852526649832726
497000,1426.62,33.5,8,0.009363898076117039
498000,1284.88,29.12,8,0.02178332768380642
499000,1388.12,33.12,8,0.01615019515156746
500000,1385.75,32.5,8,0.011688344180583954
501000,1334.38,30.38,8,0.012647606432437897
502000,1403.5,32.5,8,0.02362527698278427
503000,1275.38,29.25,8,0.02042251080274582
504000,1323.25,30.88,8,0.015124339610338211
505000,1308.88,29.75,8,0.010735789313912392
506000,1312.38,29.88,8,0.009796504862606525
507000,1295.88,29.62,8,0.056969814002513885
508000,1331.12,30.38,8,0.025750819593667984
509000,1410.88,33.25,8,0.007874715141952038
510000,1431.0,34.12,8,0.023911841213703156
511000,1318.38,30.25,8,0.012859847396612167
512000,1318.12,30.25,8,0.013770642690360546
513000,1272.75,29.12,8,0.03287636861205101
514000,1438.88,33.75,8,0.04263455048203468
515000,1297.0,29.75,8,0.037999462336301804
516000,1341.5,31.25,8,0.008369117975234985
517000,1332.88,30.5,8,0.04586928337812424
518000,1263.5,29.0,8,0.017367972061038017
519000,1126.75,25.25,8,0.01581483893096447
520000,1380.25,33.0,8,0.017121538519859314
521000,1260.5,28.62,8,0.01746622659265995
522000,1537.88,37.75,8,0.011697499081492424
523000,1336.88,31.12,8,0.014626355841755867
524000,1400.88,32.5,8,0.023553572595119476
525000,1197.62,26.75,8,0.009695284999907017
526000,1266.75,28.88,8,0.01918867602944374
527000,1502.88,36.25,8,0.013743446208536625
528000,1347.12,31.12,8,0.016659244894981384
529000,1265.62,28.88,8,0.015215656720101833
530000,1389.12,32.75,8,0.01455692108720541
531000,1404.25,33.5,8,0.019533589482307434
532000,1208.38,27.0,8,0.011829372495412827
533000,1226.88,27.38,8,0.01748596876859665
534000,1490.12,36.12,8,0.008099224418401718
535000,1452.0,34.62,8,0.048692941665649414
536000,1261.0,28.62,8,0.03746441751718521
537000,1209.0,27.38,8,0.010193190537393093
538000,1386.0,32.88,8,0.019912196323275566
539000,1253.0,28.0,8,0.01523711159825325
540000,1396.0,32.75,8,0.013161481358110905
541000,1304.62,29.62,8,0.010527849197387695
542000,1387.12,31.88,8,0.025802472606301308
543000,1436.88,33.88,8,0.04084646329283714
544000,1480.38,35.88,8,0.008188355714082718
545000,1422.5,33.0,8,0.0069857994094491005
546000,1426.88,33.5,8,0.013098908588290215
547000,1404.75,33.5,8,0.036444589495658875
548000,1450.75,34.38,8,0.011053550988435745
549000,1472.0,35.0,8,0.0153093496337533
550000,1460.12,35.75,8,0.013869013637304306
551000,1189.25,26.5,8,0.02749604731798172
552000,1422.88,33.38,8,0.018375620245933533
553000,1171.75,26.38,8,0.01258133165538311
554000,1255.25,28.62,8,0.028765873983502388
555000,1389.25,32.75,8,0.01172609906643629
556000,1218.75,27.38,8,0.01873837411403656
557000,1363.88,32.0,8,0.01272597536444664
558000,1229.5,27.5,8,0.018906235694885254
559000,1226.75,27.62,8,0.01082534808665514
560000,1158.12,26.12,8,0.031345855444669724
561000,1495.0,36.12,8,0.01923118531703949
562000,1259.75,29.25,8,0.01765415444970131
563000,1529.75,37.62,8,0.03267133608460426
564000,1309.88,29.88,8,0.01302354782819748
565000,1454.0,34.38,8,0.044418297708034515
566000,1297.75,29.5,8,0.009499751962721348
567000,1091.75,25.5,8,0.023932889103889465
568000,1083.88,23.75,8,0.011805321089923382
569000,1224.88,27.75,8,0.011036589741706848
570000,1060.0,24.5,8,0.015776295214891434
571000,1350.38,31.5,8,0.01369988638907671
572000,1423.5,33.38,8,0.021610723808407784
573000,1355.75,31.0,8,0.023229451850056648
574000,1301.62,30.12,8,0.03653636574745178
575000,1348.12,31.12,8,0.012598256580531597
576000,1466.62,34.75,8,0.020595213398337364
577000,1355.12,31.62,8,0.014487877488136292
578000,1334.25,31.0,8,0.024042382836341858
579000,1282.75,29.38,8,0.03012082353234291
580000,1106.0,25.0,8,0.04565861076116562
581000,1380.62,32.5,8,0.007926832884550095
582000,1311.25,29.88,8,0.010803285986185074
583000,1201.62,27.5,8,0.01680966094136238
584000,1311.38,30.62,8,0.014991812407970428
585000,1322.75,30.12,8,0.03600279241800308
586000,1346.88,30.88,8,0.04614507779479027
587000,1294.12,29.38,8,0.02994988113641739
588000,1173.12,26.12,8,0.024471603333950043
589000,1132.75,25.38,8,0.02965189889073372
590000,1015.25,22.25,8,0.07807019352912903
591000,1367.88,32.38,8,0.032787635922431946
592000,1369.0,32.12,8,0.016597727313637733
593000,1533.5,37.0,8,0.010929962620139122
594000,1391.38,32.62,8,0.03401002287864685
595000,1325.75,30.38,8,0.013474371284246445
596000,1278.0,28.88,8,0.02142617106437683
597000,1229.62,28.0,8,0.01250370405614376
598000,1510.25,36.5,8,0.02327502705156803
599000,1465.5,35.38,8,0.012685457244515419
600000,1278.88,29.12,8,0.012900232337415218
601000,1476.5,35.38,8,0.011135345324873924
602000,1286.38,29.5,8,0.01656511425971985
603000,1400.62,32.62,8,0.018362266942858696
604000,1410.62,33.0,8,0.01654498279094696
605000,1347.0,31.62,8,0.015228183940052986
606000,1279.75,29.5,8,0.014224644750356674
607000,1389.0,33.38,8,0.016317861154675484
608000,1430.75,33.5,8,0.016239961609244347
609000,1433.0,33.75,8,0.03821813687682152
610000,1376.75,31.75,8,0.009642762131989002
611000,1253.38,28.0,8,0.026202382519841194
612000,1377.0,32.12,8,0.0507185235619545
613000,1229.38,27.88,8,0.03989690542221069
614000,1370.0,31.88,8,0.018734145909547806
615000,1273.12,28.62,8,0.0199410580098629
616000,1281.12,28.75,8,0.014855210669338703
617000,1377.5,32.0,8,0.01256547961384058
618000,1469.75,35.25,8,0.014642085880041122
619000,1442.5,34.5,8,0.020631054416298866
620000,1436.88,33.88,8,0.017521020025014877
621000,1532.0,37.12,8,0.010796720162034035
622000,1462.0,35.12,8,0.008823028765618801
623000,1395.5,32.5,8,0.028232675045728683
624000,1346.25,31.5,8,0.010696218349039555
625000,1365.38,31.75,8,0.0203527994453907
626000,1238.0,28.0,8,0.015161614865064621
627000,1471.12,35.75,8,0.013614177703857422
628000,1008.12,21.88,8,0.040652938187122345
629000,1278.88,29.12,8,0.042310021817684174
630000,1224.25,27.5,8,0.015160461887717247
631000,1264.88,28.38,8,0.00856136903166771
632000,1265.5,29.0,8,0.020486190915107727
633000,1384.25,32.0,8,0.02030300348997116
634000,1354.88,31.25,8,0.07226797938346863
635000,1346.88,31.12,8,0.037668950855731964
636000,1385.5,33.25,8,0.015036361292004585
637000,1426.62,33.5,8,0.04749375954270363
638000,1156.25,25.88,8,0.022985056042671204
639000,1443.5,34.5,8,0.026425208896398544
640000,1472.0,34.88,8,0.017601577565073967
641000,1298.25,29.75,8,0.018865076825022697
642000,1333.75,30.62,8,0.014394041150808334
643000,1226.0,27.25,8,0.04111585021018982
644000,1243.0,27.88,8,0.011636127717792988
645000,1166.0,25.75,8,0.043794985860586166
646000,1349.75,31.25,8,0.014577990397810936
647000,1272.5,28.88,8,0.025199687108397484
648000,1361.62,32.25,8,0.038473550230264664
649000,1243.38,28.25,8,0.009235173463821411
650000,1343.88,31.0,8,0.022028561681509018
651000,1483.25,35.5,8,0.016056079417467117
652000,1267.88,29.12,8,0.06489624828100204
653000,1521.62,37.12,8,0.025494607165455818
654000,1296.12,29.38,8,0.02389170415699482
655000,1387.88,32.25,8,0.0397348552942276
656000,1392.75,32.75,8,0.04893920570611954
657000,1402.62,33.62,8,0.034677401185035706
658000,1440.12,34.12,8,0.025498133152723312
659000,1445.88,34.25,8,0.03196678310632706
660000,1319.88,30.12,8,0.06070764362812042
661000,1358.38,31.5,8,0.015271535143256187
662000,1265.0,28.62,8,0.02767990529537201
663000,1334.88,30.38,8,0.01001150906085968
664000,1368.88,32.0,8,0.010406261309981346
665000,1077.62,23.75,8,0.021634051576256752
666000,1365.0,32.12,8,0.011355796828866005
667000,1536.12,37.5,8,0.01078775618225336
668000,1291.5,29.88,8,0.06863368302583694
669000,1330.75,30.75,8,0.03167148306965828
670000,1490.25,35.62,8,0.015773918479681015
671000,1291.5,29.88,8,0.05461035668849945
672000,1355.0,31.38,8,0.015226944349706173
673000,1394.62,33.12,8,0.010963430628180504
674000,1327.5,31.12,8,0.05485856160521507
675000,1447.12,34.25,8,0.021913878619670868
676000,1294.12,30.5,8,0.03192586079239845
677000,1449.5,34.62,8,0.029810216277837753
678000,1406.88,33.25,8,0.007526387460529804
679000,1550.25,38.62,8,0.019429432228207588
680000,1207.38,27.12,8,0.03710833191871643
681000,1322.0,30.25,8,0.009673673659563065
682000,1420.0,33.75,8,0.01763632521033287
683000,1332.25,30.62,8,0.012070814147591591
684000,1310.38,29.75,8,0.017972972244024277
685000,1481.0,36.88,8,0.07047756761312485
686000,1295.0,29.88,8,0.01701715961098671
687000,1168.75,25.75,8,0.014497890137135983
688000,1393.5,32.25,8,0.02667165733873844
689000,1293.5,30.62,8,0.019680310040712357
690000,1301.38,29.5,8,0.0105664674192667
691000,1417.12,33.12,8,0.016839992254972458
692000,1201.5,27.25,8,0.010949920862913132
693000,1293.75,29.25,8,0.03251362591981888
694000,1356.62,31.38,8,0.06298023462295532
695000,1299.0,30.12,8,0.03935330733656883
696000,1228.5,28.12,8,0.01220683567225933
697000,1316.75,30.25,8,0.016374802216887474
698000,1161.88,26.38,8,0.009314445778727531
699000,1235.25,28.25,8,0.01761777698993683
700000,1351.38,31.38,8,0.018294082954525948
701000,1280.12,29.12,8,0.016575856134295464
702000,517.88,11.88,8,0.006609419360756874
703000,989.62,21.88,8,0.05558590963482857
704000,1357.75,31.12,8,0.013851193711161613
705000,1278.0,29.12,8,0.0439053550362587
706000,1376.25,32.12,8,0.02557598426938057
707000,1289.5,30.12,8,0.04879629239439964
708000,1158.75,26.12,8,0.008071995340287685
709000,1327.0,31.5,8,0.012002319097518921
710000,1065.5,23.38,8,0.04690821096301079
711000,1316.75,30.12,8,0.02324170432984829
712000,1137.38,25.62,8,0.024338532239198685
713000,1371.62,31.62,8,0.04075491055846214
714000,1216.5,27.38,8,0.008209152147173882
715000,1413.62,33.25,8,0.012277819216251373
716000,1302.5,29.5,8,0.011063640005886555
717000,1041.38,23.5,8,0.029122021049261093
718000,1191.0,26.62,8,0.0134338503703475
719000,1313.25,30.25,8,0.009612727910280228
720000,1311.5,29.88,8,0.042111147195100784
721000,1305.62,30.0,8,0.024570932611823082
722000,1459.25,35.38,8,0.02061064913868904
723000,1302.88,29.75,8,0.015233257785439491
724000,1349.62,31.5,8,0.009152175858616829
725000,1359.5,31.38,8,0.020949117839336395
726000,1262.88,28.38,8,0.036893054842948914
727000,1352.38,31.25,8,0.018080279231071472
728000,1332.12,31.12,8,0.04806847870349884
729000,1349.75,31.12,8,0.014621497131884098
730000,1354.25,31.38,8,0.016126681119203568
731000,1250.25,28.12,8,0.048671141266822815
732000,1440.75,34.12,8,0.02379676140844822
733000,1419.33,33.33,9,0.025012219324707985
734000,1348.33,31.67,9,0.012283962219953537
735000,1026.62,22.62,8,0.017916519194841385
736000,1219.88,27.12,8,0.026980627328157425
737000,1011.88,22.25,8,0.013067221269011497
738000,1438.25,33.88,8,0.02399166114628315
739000,1287.38,29.62,8,0.02214256301522255
740000,1251.88,29.0,8,0.03368588909506798
741000,1362.38,31.62,8,0.01592489704489708
742000,1430.12,33.62,8,0.011269047856330872
743000,1323.38,31.0,8,0.02212471514940262
744000,1355.12,31.0,8,0.01057374943047762
745000,1137.12,25.25,8,0.04164620116353035
746000,1329.12,31.12,8,0.007293597795069218
747000,1424.0,33.5,8,0.0066348835825920105
748000,1270.88,28.5,8,0.008141227066516876
749000,1321.0,30.25,8,0.010222765617072582
750000,1373.62,32.25,8,0.00882156752049923
751000,1298.0,29.88,8,0.015952378511428833
752000,1475.25,35.25,8,0.04195385426282883
753000,1251.62,28.25,8,0.0253937765955925
754000,1459.5,34.5,8,0.018244529142975807
755000,1330.5,31.0,8,0.024526450783014297
756000,1372.88,32.38,8,0.07515876740217209
757000,1380.25,32.25,8,0.02018577605485916
758000,1330.38,30.88,8,0.028849201276898384
759000,1395.88,32.62,8,0.020452724769711494
760000,1289.88,29.38,8,0.008551805280148983
761000,1213.38,27.0,8,0.04100269824266434
762000,799.0,18.0,8,0.016114521771669388
763000,1451.44,35.22,9,0.022917240858078003
764000,1340.0,31.0,8,0.05968019366264343
765000,1179.75,26.25,8,0.014987535774707794
766000,1421.62,33.62,8,0.010676739737391472
767000,1086.88,24.88,8,0.00800313986837864
768000,1498.75,36.38,8,0.012213493697345257
769000,1287.75,29.25,8,0.046106286346912384
770000,1415.5,33.38,8,0.04018837958574295
771000,1400.38,33.12,8,0.014335351064801216
772000,1177.75,27.25,8,0.018432874232530594
773000,1307.88,29.88,8,0.0079465601593256
774000,1482.25,35.38,8,0.010331193916499615
775000,1409.12,32.75,8,0.02102959156036377
776000,1316.12,31.0,8,0.0541095957159996
777000,947.5,21.12,8,0.019790135324001312
778000,1339.0,30.88,8,0.011365153826773167
779000,1374.0,32.0,8,0.008935285732150078
780000,1418.0,34.0,8,0.02831059694290161
781000,1333.62,31.12,8,0.009207125753164291
782000,1467.12,34.75,8,0.02486702799797058
783000,1264.62,29.0,8,0.028088277205824852
784000,1275.62,28.88,8,0.00841384194791317
785000,1391.75,32.25,8,0.005996006075292826
786000,1403.88,32.75,8,0.04836689680814743
787000,1390.88,33.0,8,0.01272790227085352
788000,1482.75,35.75,8,0.011465303599834442
789000,1235.75,27.88,8,0.008124173618853092
790000,1256.88,28.62,8,0.020571377128362656
791000,1017.0,21.75,8,0.047826819121837616
792000,1509.75,37.0,8,0.026689864695072174
793000,1178.75,27.0,8,0.011911076493561268
794000,1299.5,29.5,8,0.01440739817917347
795000,1446.88,34.88,8,0.013399184681475163
796000,1171.75,26.12,8,0.006358998827636242
797000,1469.5,35.0,8,0.01408204436302185
798000,1456.5,35.12,8,0.04535640776157379
799000,1443.62,34.5,8,0.01194498036056757
800000,1234.5,27.62,8,0.00898156687617302
801000,1506.88,36.38,8,0.03138422593474388
802000,1398.0,33.0,8,0.014049655757844448
803000,1236.38,28.25,8,0.01338343508541584
804000,1459.5,34.75,8,0.01089397817850113
805000,1374.38,32.88,8,0.02116924710571766
806000,1249.5,28.25,8,0.04389605671167374
807000,1587.75,39.62,8,0.012874899432063103
808000,1508.25,37.0,8,0.01268336083739996
809000,1373.88,32.25,8,0.00822424702346325
810000,1527.38,37.12,8,0.013280503451824188
811000,1190.75,26.62,8,0.02060389705002308
812000,1190.5,26.62,8,0.01217140257358551
813000,1416.12,33.12,8,0.012674545869231224
814000,1323.25,30.75,8,0.030774876475334167
815000,1330.38,30.38,8,0.02163109928369522
816000,1457.12,34.38,8,0.019921988248825073
817000,1479.75,35.38,8,0.028385909274220467
818000,1574.25,39.25,8,0.03309731185436249
819000,1296.88,30.0,8,0.014517553150653839
820000,1192.25,27.0,8,0.012898901477456093
821000,1578.5,39.5,8,0.016747884452342987
822000,1526.62,38.12,8,0.02609133906662464
823000,1441.75,34.5,8,0.00990298017859459
824000,1222.5,27.5,8,0.007272198796272278
825000,1235.89,28.44,9,0.013145098462700844
826000,1517.0,36.5,8,0.02932881936430931
827000,1261.88,28.25,8,0.008068859577178955
828000,1319.0,30.62,8,0.023835711181163788
829000,1323.75,30.25,8,0.025711914524435997
830000,1288.5,29.0,8,0.01984146237373352
831000,1450.25,34.62,8,0.012094972655177116
832000,1306.38,30.25,8,0.039874546229839325
833000,1264.25,28.25,8,0.011601308360695839
834000,1434.38,33.75,8,0.016344457864761353
835000,1289.75,29.62,8,0.008713566698133945
836000,1351.75,31.5,8,0.014872115105390549
837000,1263.38,28.62,8,0.017509443685412407
838000,1535.5,37.38,8,0.024233095347881317
839000,1327.62,30.5,8,0.022638235241174698
840000,1420.12,33.38,8,0.011690528132021427
841000,1494.25,35.5,8,0.01098484918475151
842000,1624.88,41.0,8,0.02577062137424946
843000,1178.25,26.25,8,0.018852682784199715
844000,1111.75,24.88,8,0.02631431818008423
845000,1357.12,31.75,8,0.02095266617834568
846000,1454.62,36.12,8,0.03752946853637695
847000,1451.38,34.25,8,0.009519541636109352
848000,1466.75,36.5,8,0.02809712290763855
849000,1319.62,30.38,8,0.011185431852936745
850000,1352.5,31.5,8,0.01348811574280262
851000,1260.88,29.25,8,0.013866594061255455
852000,1325.12,30.62,8,0.00839743111282587
853000,1564.38,38.38,8,0.01206833403557539
854000,1510.75,36.88,8,0.011373698711395264
855000,1332.62,31.12,8,0.02481245994567871
856000,1365.25,32.0,8,0.009837600402534008
857000,1256.88,28.38,8,0.009474556893110275
858000,1155.62,25.75,8,0.014310183003544807
859000,1371.88,32.12,8,0.013366195373237133
860000,1281.25,29.5,8,0.010974155738949776
861000,1479.62,36.88,8,0.012590192258358002
862000,1314.62,30.88,8,0.05409444123506546
863000,1469.62,35.5,8,0.014003854244947433
864000,1214.56,27.11,9,0.012486455030739307
865000,1387.5,32.62,8,0.009508701041340828
866000,1445.12,35.25,8,0.017761055380105972
867000,1614.62,40.38,8,0.006201982498168945
868000,1369.88,32.25,8,0.012925736606121063
869000,1485.62,35.5,8,0.010116688907146454
870000,1373.0,32.88,8,0.007867707870900631
871000,1342.88,31.12,8,0.03135732188820839
872000,1428.88,33.88,8,0.030371641740202904
873000,1283.75,29.5,8,0.008524671196937561
874000,1422.38,33.75,8,0.01460819598287344
875000,1419.62,34.0,8,0.010700823739171028
876000,1312.12,30.5,8,0.012096360325813293
877000,1279.62,29.25,8,0.03225304186344147
878000,1396.75,32.62,8,0.009335959330201149
879000,1337.75,31.62,8,0.028604833409190178
880000,1151.0,25.78,9,0.08074785023927689
881000,1304.88,29.75,8,0.017392762005329132
882000,1376.5,32.0,8,0.008829043246805668
883000,1468.62,35.88,8,0.00916822999715805
884000,1376.12,32.38,8,0.029590357095003128
885000,1458.12,34.75,8,0.0346415638923645
886000,1338.5,31.5,8,0.010539744049310684
887000,1256.88,28.25,8,0.009906003251671791
888000,1469.5,35.12,8,0.04644163325428963
889000,1417.75,33.12,8,0.027175525203347206
890000,1206.12,26.88,8,0.007186656817793846
891000,1135.12,25.62,8,0.011625790037214756
892000,1399.62,33.25,8,0.04075218737125397
893000,1511.0,37.0,8,0.00834842212498188
894000,1520.5,37.12,8,0.02325444296002388
895000,1342.5,31.5,8,0.01761820539832115
896000,1466.5,34.88,8,0.014459400437772274
897000,1223.75,27.25,8,0.0081984493881464
898000,1100.75,24.62,8,0.02625630795955658
899000,1264.88,29.0,8,0.021918173879384995
900000,1494.12,37.0,8,0.009767524898052216
901000,1218.62,27.38,8,0.022636214271187782
902000,1337.0,32.12,8,0.010347865521907806
903000,1449.62,34.5,8,0.016848841682076454
904000,1335.88,31.38,8,0.015674423426389694
905000,1413.12,32.88,8,0.007867475971579552
906000,1269.0,29.0,8,0.016754459589719772
907000,1266.88,28.75,8,0.01789632812142372
908000,1489.0,35.62,8,0.009346574544906616
909000,1313.25,30.5,8,0.015719331800937653
910000,1338.0,32.25,8,0.021666068583726883
911000,1353.62,31.62,8,0.01607678458094597
912000,1283.5,29.25,8,0.009270869195461273
913000,1423.62,33.5,8,0.012780198827385902
914000,1318.88,31.5,8,0.04190045967698097
915000,1347.62,31.38,8,0.02964865043759346
916000,1239.0,28.25,8,0.03429770469665527
917000,1244.12,27.75,8,0.016093414276838303
918000,1227.62,28.12,8,0.03161557763814926
919000,1183.38,26.0,8,0.014546819031238556
920000,1402.62,32.62,8,0.0216231606900692
921000,1130.0,25.25,8,0.015056049451231956
922000,1377.88,32.12,8,0.007830241695046425
923000,1331.62,31.5,8,0.007146671414375305
924000,1265.38,28.62,8,0.040923330932855606
925000,1336.38,31.38,8,0.044101230800151825
926000,1464.0,35.12,8,0.015075532719492912
927000,1544.0,39.25,8,0.03418200835585594
928000,1424.12,33.12,8,0.02755349688231945
929000,1327.0,31.62,8,0.010638736188411713
930000,1384.88,32.25,8,0.008014080114662647
931000,1419.5,34.0,8,0.01691701076924801
932000,1417.75,33.25,8,0.01330449990928173
933000,1206.75,27.0,8,0.015841424465179443
934000,1401.25,33.12,8,0.03540060296654701
935000,1318.38,30.12,8,0.04169008135795593
936000,1316.25,29.88,8,0.03655209764838219
937000,1454.88,34.5,8,0.07526913285255432
938000,1315.38,30.25,8,0.037052176892757416
939000,1300.88,29.75,8,0.03623098134994507
940000,1417.38,33.38,8,0.007928108796477318
941000,1436.62,34.75,8,0.008676016703248024
942000,1508.5,37.12,8,0.0435880571603775
943000,1418.5,33.25,8,0.04000314697623253
944000,1311.38,30.5,8,0.008037565276026726
945000,1236.88,28.38,8,0.010897701606154442
946000,1489.12,36.88,8,0.011520981788635254
947000,1434.5,34.62,8,0.022487496957182884
948000,1138.12,25.25,8,0.016565654426813126
949000,1502.88,36.5,8,0.04852566123008728
950000,1446.62,34.75,8,0.026559865102171898
951000,1171.12,26.25,8,0.02664053812623024
952000,1447.0,34.38,8,0.012501366436481476
953000,1383.62,32.5,8,0.04453267157077789
954000,1387.0,34.5,8,0.020045941695570946
955000,1269.25,28.88,8,0.014279326424002647
956000,1034.75,22.62,8,0.009084932506084442
957000,1343.75,31.62,8,0.017879463732242584
958000,1291.25,30.62,8,0.018685229122638702
959000,1189.75,26.38,8,0.05397580936551094
960000,1254.88,28.25,8,0.01975778304040432
961000,1371.25,31.88,8,0.024308569729328156
962000,1324.5,30.25,8,0.012554844841361046
963000,1468.88,35.12,8,0.012765714898705482
964000,1435.12,35.12,8,0.024439090862870216
965000,1499.88,36.25,8,0.02976827695965767
966000,1377.62,32.62,8,0.04904363676905632
967000,1404.0,33.12,8,0.013630399480462074
968000,1346.25,31.0,8,0.034430667757987976
969000,1347.5,31.12,8,0.01868947222828865
970000,1452.25,34.88,8,0.0074272966012358665
971000,1313.88,30.12,8,0.006097779609262943
972000,1238.0,27.75,8,0.023615838959813118
973000,1403.88,34.5,8,0.016788553446531296
974000,1357.62,31.12,8,0.017331911250948906
975000,1409.62,32.88,8,0.023159503936767578
976000,1376.5,32.0,8,0.011812458746135235
977000,1492.25,35.88,8,0.007196344900876284
978000,1268.62,29.0,8,0.01228252612054348
979000,1493.75,35.88,8,0.019417565315961838
980000,1354.75,32.5,8,0.02731700986623764
981000,1498.38,36.62,8,0.009626937098801136
982000,1449.0,34.88,8,0.008247846737504005
983000,1550.25,38.25,8,0.06446036696434021
984000,1441.75,34.5,8,0.013684557750821114
985000,1496.62,37.0,8,0.010981051251292229
986000,1279.22,29.22,9,0.05850902944803238
987000,1173.75,26.62,8,0.008791010826826096
988000,1471.75,35.38,8,0.02304832637310028
989000,1348.5,31.0,8,0.025700010359287262
990000,1341.62,30.75,8,0.058587513864040375
991000,1349.25,31.25,8,0.027889028191566467
992000,1225.5,27.88,8,0.05984453856945038
993000,1225.75,27.88,8,0.013867857865989208
994000,1473.38,35.75,8,0.023044027388095856
995000,1345.88,31.38,8,0.016071774065494537
996000,1307.44,29.89,9,0.023736655712127686
997000,1329.38,30.38,8,0.018395282328128815
998000,1332.0,31.0,8,0.010356425307691097
999000,1377.12,32.38,8,0.017948996275663376
1000000,1240.38,27.75,8,0.018521349877119064
1001000,1382.0,32.12,8,0.019870877265930176
1002000,1039.88,24.12,8,0.011291359551250935
1003000,1386.75,33.0,8,0.02221294865012169
1004000,1286.75,29.38,8,0.015885675325989723
1005000,1425.5,34.38,8,0.019616788253188133
1006000,1448.25,34.25,8,0.00847458653151989
1007000,1368.5,32.12,8,0.012788372114300728
1008000,1364.25,31.88,8,0.021874329075217247
1009000,1241.75,28.0,8,0.010124105960130692
1010000,1412.12,33.38,8,0.05556921660900116
1011000,1477.88,36.12,8,0.014520452357828617
1012000,1493.25,36.62,8,0.014490639790892601
1013000,1112.75,24.75,8,0.013998805545270443
1014000,1278.5,29.5,8,0.012138769961893559
1015000,1308.0,30.12,8,0.02981526404619217
1016000,1500.75,36.25,8,0.016225473955273628
1017000,1392.5,33.0,8,0.015591062605381012
1018000,1294.0,30.0,8,0.008669739589095116
1019000,1478.62,36.38,8,0.037547796964645386
1020000,1395.5,32.62,8,0.04406573623418808
1021000,1380.25,33.38,8,0.009038472548127174
1022000,1181.5,26.25,8,0.010321073234081268
1023000,1317.75,30.0,8,0.011073462665081024
1024000,1306.12,30.25,8,0.00860860850661993
1025000,1525.0,37.5,8,0.010766599327325821
1026000,1412.75,33.0,8,0.019073450937867165
1027000,1294.5,29.5,8,0.011740193702280521
1028000,1407.38,32.88,8,0.06365431845188141
1029000,1283.38,29.88,8,0.009729037061333656
1030000,1400.5,36.0,8,0.009990041144192219
1031000,1356.12,31.38,8,0.008958347141742706
1032000,1310.75,30.62,8,0.01645834557712078
1033000,1458.5,34.88,8,0.0190321896225214
1034000,1400.75,33.0,8,0.01295124739408493
1035000,1191.88,26.25,8,0.06173694133758545
1036000,1253.62,28.38,8,0.04210883006453514
1037000,1253.0,28.38,8,0.039731465280056
1038000,1362.0,31.88,8,0.0738828033208847
1039000,1492.62,35.75,8,0.008192017674446106
1040000,1424.75,33.88,8,0.04589606821537018
1041000,1482.88,35.38,8,0.048795171082019806
1042000,1420.0,34.25,8,0.010525669902563095
1043000,1391.12,32.88,8,0.018525369465351105
1044000,1369.38,32.12,8,0.02555599994957447
1045000,1421.25,34.62,8,0.008777116425335407
1046000,1364.38,31.88,8,0.009892159141600132
1047000,1210.5,27.0,8,0.01577383652329445
1048000,1436.12,34.0,8,0.02169601246714592
1049000,1361.25,31.62,8,0.011464170180261135
1050000,1432.88,34.12,8,0.012163141742348671
1051000,1511.5,36.75,8,0.009505048394203186
1052000,1443.38,34.25,8,0.039911847561597824
1053000,1455.62,34.62,8,0.009507738053798676
1054000,1486.62,36.0,8,0.03371383249759674
1055000,1081.88,24.5,8,0.05334685742855072
1056000,1244.0,28.5,8,0.01980762556195259
1057000,1189.62,27.12,8,0.016472769901156425
1058000,1390.75,32.62,8,0.01573040708899498
1059000,1214.88,27.25,8,0.06899074465036392
1060000,1529.38,37.0,8,0.01589164510369301
1061000,1380.62,32.25,8,0.013240759260952473
1062000,1363.12,31.38,8,0.020451698452234268
1063000,1560.62,38.5,8,0.010921497829258442
1064000,1416.25,34.0,8,0.008494612760841846
1065000,1470.88,36.0,8,0.041897401213645935
1066000,1345.5,31.75,8,0.009930196218192577
1067000,1383.75,32.0,8,0.01582697406411171
1068000,1321.0,30.12,8,0.028898827731609344
1069000,1410.25,33.25,8,0.00980036798864603
1070000,1418.38,33.88,8,0.009052699431777
1071000,1496.88,37.5,8,0.019087744876742363
1072000,1365.38,31.5,8,0.017497468739748
1073000,1423.62,34.25,8,0.008769962936639786
1074000,1415.25,33.0,8,0.009754447266459465
1075000,1380.0,32.25,8,0.014306031167507172
1076000,1294.0,30.25,8,0.01752566359937191
1077000,1279.75,30.12,8,0.01692952960729599
1078000,1444.5,34.0,8,0.03590594232082367
1079000,1512.88,36.88,8,0.029278231784701347
1080000,1361.12,32.0,8,0.020567718893289566
1081000,1365.0,32.5,8,0.02283446490764618
1082000,1429.38,34.38,8,0.021231386810541153
1083000,1340.62,31.5,8,0.01821521855890751
1084000,1254.75,28.12,8,0.04411577805876732
1085000,1593.88,39.62,8,0.017803234979510307
1086000,1412.0,33.88,8,0.05081794410943985
1087000,1282.75,29.25,8,0.014346743002533913
1088000,1283.25,29.0,8,0.01936989650130272
1089000,1454.62,34.5,8,0.05031363666057587
1090000,1524.25,37.5,8,0.01794729009270668
1091000,1100.0,24.25,8,0.030286669731140137
1092000,1406.0,33.0,8,0.029664454981684685
1093000,1269.62,28.88,8,0.04229080677032471
1094000,1313.75,30.12,8,0.024006154388189316
1095000,1540.12,37.88,8,0.012905348092317581
1096000,1415.38,33.12,8,0.01201331801712513
1097000,1315.25,30.38,8,0.044465482234954834
1098000,1519.25,36.62,8,0.014145173132419586
1099000,1455.38,34.5,8,0.008442584425210953
1100000,1386.25,32.12,8,0.011384649202227592
1101000,1435.62,34.38,8,0.009525204077363014
1102000,1555.38,38.88,8,0.021284818649291992
1103000,1359.0,32.12,8,0.05590781196951866
1104000,1402.12,34.0,8,0.013256276026368141
1105000,1657.0,42.5,8,0.013025475665926933
1106000,1399.75,32.75,8,0.016280589625239372
1107000,1591.12,40.5,8,0.022848589345812798
1108000,1413.0,33.62,8,0.0089732576161623
1109000,1294.12,29.75,8,0.007909197360277176
1110000,1220.38,27.88,8,0.007128135301172733
1111000,1442.0,34.62,8,0.01994408667087555
1112000,1184.12,26.75,8,0.010653880424797535
1113000,1416.25,33.5,8,0.057212427258491516
1114000,1436.25,34.62,8,0.01211041584610939
1115000,1309.38,30.62,8,0.009839506819844246
1116000,1257.5,28.88,8,0.009284814819693565
1117000,1522.88,37.5,8,0.04608822613954544
1118000,1440.38,34.38,8,0.029952432960271835
1119000,1264.88,29.12,8,0.03133809566497803
1120000,1561.12,39.75,8,0.04353523999452591
1121000,1430.38,33.88,8,0.03633580729365349
1122000,1440.0,34.12,8,0.01487257145345211
1123000,1433.12,34.5,8,0.008025574497878551
1124000,1446.62,34.5,8,0.05920157581567764
1125000,1477.75,36.88,8,0.020082879811525345
1126000,1023.62,22.12,8,0.014765267260372639
1127000,1438.0,34.88,8,0.011368950828909874
1128000,1474.12,35.88,8,0.01026768796145916
1129000,1260.62,28.75,8,0.008731012232601643
1130000,1666.5,42.75,8,0.007974333129823208
1131000,1384.75,32.62,8,0.021885210648179054
1132000,1224.62,27.38,8,0.009540945291519165
1133000,1324.88,30.62,8,0.030873291194438934
1134000,1387.88,32.75,8,0.0064997440204024315
1135000,1484.62,36.25,8,0.009314848110079765
1136000,1308.25,30.88,8,0.01052200049161911
1137000,1178.75,26.38,8,0.014851545915007591
1138000,1289.75,29.25,8,0.01873425394296646
1139000,1446.12,34.75,8,0.013097945600748062
1140000,1392.12,32.5,8,0.010936059057712555
1141000,1542.5,39.38,8,0.01090251374989748
1142000,1292.0,29.75,8,0.013191167265176773
1143000,1283.5,30.12,8,0.00849204882979393
1144000,1334.25,31.0,8,0.012065377086400986
1145000,1408.88,33.5,8,0.011304253712296486
1146000,1412.0,33.5,8,0.0225771963596344
1147000,1306.62,30.12,8,0.013355111703276634
1148000,1328.12,30.5,8,0.013990935869514942
1149000,1463.25,36.62,8,0.010589033365249634
1150000,1410.88,33.88,8,0.008391409181058407
1151000,1485.88,36.62,8,0.05786143243312836
1152000,1317.75,30.25,8,0.012845389544963837
1153000,1405.5,33.62,8,0.010072845034301281
1154000,1475.38,35.5,8,0.03939156234264374
1155000,1368.12,31.5,8,0.00925503484904766
1156000,1429.12,33.5,8,0.02736734412610531
1157000,1436.75,34.0,8,0.01624857261776924
1158000,1444.25,34.0,8,0.010562924668192863
1159000,1336.75,31.25,8,0.037626203149557114
1160000,1452.38,34.88,8,0.007399366237223148
1161000,1385.75,32.12,8,0.026186808943748474
1162000,1171.88,25.88,8,0.013233263045549393
1163000,1383.25,32.38,8,0.00705606397241354
1164000,1294.12,29.38,8,0.022916849702596664
1165000,1312.5,30.75,8,0.014297527261078358
1166000,1355.75,32.5,8,0.009579824283719063
1167000,1312.75,30.5,8,0.06099331006407738
1168000,1429.25,34.62,8,0.007465938106179237
1169000,1500.12,36.25,8,0.01736757531762123
1170000,1486.12,36.0,8,0.028201472014188766
1171000,1287.12,30.0,8,0.012967725284397602
1172000,1367.88,32.62,8,0.015527667477726936
1173000,1535.88,37.5,8,0.012447750195860863
1174000,1483.88,35.75,8,0.009125759825110435
1175000,1338.0,31.0,8,0.009907953441143036
1176000,1510.5,37.12,8,0.019677791744470596
1177000,1425.88,34.0,8,0.0118329469114542
1178000,1247.75,28.5,8,0.02637515962123871
1179000,1470.62,35.88,8,0.030051585286855698
1180000,1446.5,34.25,8,0.04856802150607109
1181000,1461.38,35.75,8,0.00949808582663536
1182000,1317.12,30.12,8,0.007751321420073509
1183000,1445.38,34.75,8,0.010801255702972412
1184000,1351.0,31.0,8,0.01642908900976181
1185000,1438.88,34.25,8,0.016733743250370026
1186000,1202.62,27.25,8,0.010193906724452972
1187000,1364.0,32.62,8,0.008488434366881847
1188000,1478.25,35.62,8,0.016254719346761703
1189000,1510.75,37.12,8,0.009262006729841232
1190000,1500.62,36.75,8,0.02278902754187584
1191000,1497.88,37.12,8,0.03760137781500816
1192000,1360.0,32.0,8,0.008458783850073814
1193000,1264.62,29.5,8,0.010534605011343956
1194000,1530.67,37.56,9,0.055862218141555786
1195000,827.0,18.75,8,0.021208718419075012
1196000,1445.25,35.38,8,0.022336799651384354
1197000,1515.38,36.5,8,0.014395073056221008
1198000,1444.88,34.75,8,0.01150110550224781
1199000,1536.0,38.62,8,0.014473171904683113
1200000,1331.5,31.25,8,0.007514743600040674
1201000,1485.75,36.25,8,0.009349340572953224
1202000,1441.25,34.62,8,0.01059915404766798
1203000,1467.38,35.88,8,0.015285552479326725
1204000,1464.38,35.62,8,0.011722953990101814
1205000,1254.5,28.25,8,0.018337711691856384
1206000,1360.88,31.75,8,0.014408065937459469
1207000,1500.62,36.62,8,0.012472575530409813
1208000,1375.88,32.75,8,0.007361909840255976
1209000,1497.0,37.5,8,0.011740453541278839
1210000,1383.12,33.12,8,0.010314599610865116
1211000,1529.5,37.5,8,0.011619649827480316
1212000,1453.25,34.5,8,0.028958555310964584
1213000,1506.62,36.38,8,0.011867396533489227
1214000,1379.62,32.25,8,0.00823382567614317
1215000,1356.88,32.75,8,0.02166421338915825
1216000,1292.0,29.88,8,0.010713666677474976
1217000,1551.38,39.88,8,0.01301119476556778
1218000,1276.88,29.12,8,0.023144172504544258
1219000,1304.25,29.5,8,0.010311675257980824
1220000,1238.62,28.62,8,0.012402431108057499
1221000,1536.88,38.12,8,0.008001569658517838
1222000,1459.0,34.75,8,0.012337848544120789
1223000,1521.75,37.5,8,0.030724572017788887
1224000,1461.5,35.12,8,0.011566773988306522
1225000,1294.62,30.38,8,0.037971362471580505
1226000,1568.75,39.62,8,0.011297879740595818
1227000,1488.25,35.75,8,0.01783887669444084
1228000,1296.38,29.75,8,0.008686987683176994
1229000,1344.38,31.25,8,0.01120259054005146
1230000,1598.5,40.12,8,0.009810240939259529
1231000,1240.12,27.75,8,0.02654247358441353
1232000,974.0,21.5,8,0.010031674057245255
1233000,1469.5,35.62,8,0.01062062568962574
1234000,1379.88,32.62,8,0.012891886755824089
1235000,1395.38,32.62,8,0.029555544257164
1236000,1249.75,28.38,8,0.013897215947508812
1237000,1511.12,37.25,8,0.04427217319607735
1238000,1154.25,26.5,8,0.007739676628261805
1239000,1330.5,31.12,8,0.013105623424053192
1240000,1508.0,36.75,8,0.008793123066425323
1241000,1442.12,34.25,8,0.020872952416539192
1242000,1516.38,37.38,8,0.01779228262603283
1243000,1418.88,33.62,8,0.024210307747125626
1244000,1466.25,37.0,8,0.00738934800028801
1245000,1481.75,35.62,8,0.008111787959933281
1246000,1229.12,29.38,8,0.008956926874816418
1247000,1235.5,27.75,8,0.008379539474844933
1248000,1412.25,33.25,8,0.04527929797768593
1249000,1380.0,32.62,8,0.008424934931099415
1250000,1446.88,35.12,8,0.01503450982272625
1251000,1433.0,33.75,8,0.03608901798725128
1252000,1403.0,33.75,8,0.02708319202065468
1253000,1564.38,38.62,8,0.009656079113483429
1254000,1336.88,30.75,8,0.021084237843751907
1255000,1319.75,30.25,8,0.009188743308186531
1256000,1564.25,38.62,8,0.00966058112680912
1257000,1469.12,35.0,8,0.017021359875798225
1258000,1439.75,35.0,8,0.007751076482236385
1259000,1286.38,29.12,8,0.016019849106669426
1260000,1450.0,34.75,8,0.026446402072906494
1261000,1424.12,33.5,8,0.020193517208099365
1262000,1480.12,36.62,8,0.012715466320514679
1263000,1380.0,33.12,8,0.04774468392133713
1264000,1495.12,37.0,8,0.02032156102359295
1265000,1493.88,36.25,8,0.01965184509754181
1266000,1320.0,30.0,8,0.008293296210467815
1267000,1568.88,39.12,8,0.007111436687409878
1268000,1371.25,32.12,8,0.00910203531384468
1269000,1573.33,39.11,9,0.010838841088116169
1270000,1389.5,33.0,8,0.006791094318032265
1271000,1491.75,36.5,8,0.006647221278399229
1272000,1403.12,33.88,8,0.008465269580483437
1273000,1393.5,32.75,8,0.03840025141835213
1274000,1565.0,39.0,8,0.031095251441001892
1275000,1480.12,36.75,8,0.016701143234968185
1276000,1406.75,32.88,8,0.017389364540576935
1277000,1358.38,31.62,8,0.009818287566304207
1278000,1345.5,31.0,8,0.014355383813381195
1279000,1472.75,35.75,8,0.016117971390485764
1280000,1313.25,30.5,8,0.05195856839418411
1281000,1342.62,31.38,8,0.013722642324864864
1282000,1503.25,36.75,8,0.010957189835608006
1283000,1319.5,30.88,8,0.03723932057619095
1284000,1377.0,32.88,8,0.01668037846684456
1285000,1358.62,31.5,8,0.010920140892267227
1286000,1302.12,30.38,8,0.01096558291465044
1287000,1610.5,41.12,8,0.013626398518681526
1288000,1281.62,29.25,8,0.02964797243475914
1289000,1352.38,31.5,8,0.015408594161272049
1290000,1337.0,31.12,8,0.014316121116280556
1291000,1465.5,34.88,8,0.007685068063437939
1292000,1251.75,28.0,8,0.022836342453956604
1293000,1431.5,33.62,8,0.005335308611392975
1294000,1466.88,35.38,8,0.013125176541507244
1295000,1404.38,33.25,8,0.03163968771696091
1296000,1390.75,33.5,8,0.007973756641149521
1297000,1583.75,39.75,8,0.01736322231590748
1298000,1445.62,35.5,8,0.03560085594654083
1299000,1378.75,33.12,8,0.018893878906965256
1300000,1458.12,35.0,8,0.010034262202680111
1301000,1441.62,36.75,8,0.013820321299135685
1302000,631.56,14.0,9,0.024064496159553528
1303000,1441.75,34.75,8,0.013145161792635918
1304000,1417.12,34.12,8,0.025808757171034813
1305000,1387.12,33.12,8,0.039543986320495605
1306000,1624.62,41.38,8,0.01673186756670475
1307000,1435.38,34.88,8,0.06049288064241409
1308000,1190.38,27.75,8,0.00786573439836502
1309000,1405.25,34.12,8,0.03966526314616203
1310000,1313.62,30.38,8,0.022426895797252655
1311000,1498.88,36.62,8,0.02689596451818943
1312000,1426.0,33.62,8,0.014146385714411736
1313000,975.12,20.88,8,0.021417364478111267
1314000,1476.75,35.38,8,0.01988016441464424
1315000,1353.25,31.12,8,0.022483322769403458
1316000,1431.62,33.75,8,0.010650526732206345
1317000,1364.38,32.0,8,0.02036420628428459
1318000,1582.38,39.75,8,0.024168990552425385
1319000,1394.88,32.5,8,0.011246459558606148
1320000,1460.75,35.5,8,0.0414750799536705
1321000,1315.75,30.88,8,0.029132690280675888
1322000,1423.88,33.62,8,0.02941950596868992
1323000,1362.25,31.62,8,0.010434165596961975
1324000,1292.0,29.88,8,0.009893705137073994
1325000,1395.62,33.12,8,0.012570647522807121
1326000,1317.0,31.0,8,0.009308099746704102
1327000,1275.62,28.62,8,0.02889946661889553
1328000,1306.62,29.62,8,0.014466371387243271
1329000,1472.62,35.88,8,0.007762756664305925
1330000,1403.75,32.75,8,0.014619133435189724
1331000,1597.38,40.38,8,0.015851296484470367
1332000,1393.25,33.12,8,0.06232265755534172
1333000,1371.88,31.75,8,0.008230522274971008
1334000,1471.5,35.38,8,0.014577727764844894
1335000,1408.25,33.62,8,0.025663942098617554
1336000,1471.75,36.12,8,0.008922912180423737
1337000,1326.12,30.62,8,0.009597430005669594
1338000,1390.5,32.75,8,0.00807714369148016
1339000,1278.0,29.0,8,0.013536686077713966
1340000,1489.38,37.0,8,0.02873826213181019
1341000,1301.75,30.5,8,0.008221432566642761
1342000,1449.38,35.38,8,0.010381665080785751
1343000,1498.75,36.5,8,0.030781365931034088
1344000,1361.0,31.88,8,0.018673956394195557
1345000,1189.88,26.62,8,0.009401427581906319
1346000,1416.5,33.5,8,0.010493392124772072
1347000,1197.75,26.75,8,0.01304609514772892
1348000,1409.75,33.5,8,0.013155179098248482
1349000,1449.62,34.88,8,0.031026620417833328
1350000,1414.38,33.38,8,0.02583160065114498
1351000,1489.88,36.38,8,0.010329755954444408
1352000,1061.38,23.88,8,0.022771408781409264
1353000,1443.5,34.38,8,0.008937221020460129
1354000,1321.62,31.0,8,0.021705258637666702
1355000,1378.75,34.62,8,0.020147103816270828
1356000,1406.75,32.88,8,0.016148999333381653
1357000,1479.75,35.62,8,0.06279566884040833
1358000,1249.12,28.25,8,0.007582787424325943
1359000,1541.0,38.38,8,0.020483314990997314
1360000,1291.25,30.0,8,0.0163608156144619
1361000,1183.5,26.25,8,0.014398541301488876
1362000,1212.88,27.25,8,0.014639732427895069
1363000,1470.88,35.75,8,0.08765006810426712
1364000,1594.75,40.62,8,0.021656334400177002
1365000,1285.62,29.0,8,0.04349668696522713
1366000,1479.0,36.0,8,0.022783488035202026
1367000,1500.75,36.75,8,0.009796079248189926
1368000,1350.38,31.75,8,0.020987477153539658
1369000,1401.12,33.75,8,0.018931599333882332
1370000,1400.38,34.25,8,0.012659795582294464
1371000,1335.75,30.88,8,0.02003638446331024
1372000,1397.5,32.62,8,0.015726804733276367
1373000,1467.75,34.88,8,0.0077832359820604324
1374000,1462.62,35.0,8,0.016813602298498154
1375000,1408.0,33.12,8,0.007055323570966721
1376000,1451.75,34.75,8,0.01621783897280693
1377000,956.5,21.38,8,0.01362909097224474
1378000,1470.88,35.5,8,0.05672913044691086
1379000,1204.25,26.75,8,0.013828824274241924
1380000,1343.25,31.62,8,0.006439654156565666
1381000,1466.38,35.25,8,0.009188249707221985
1382000,1500.75,36.5,8,0.010948369279503822
1383000,1519.0,37.25,8,0.010719826444983482
1384000,1372.0,32.38,8,0.025498010218143463
1385000,1414.62,34.12,8,0.01277516596019268
1386000,1525.38,37.25,8,0.01584050804376602
1387000,1364.5,32.75,8,0.0361485481262207
1388000,1472.25,34.88,8,0.018972842022776604
1389000,1338.62,31.5,8,0.020543744787573814
1390000,1180.75,26.5,8,0.043815262615680695
1391000,1398.88,33.0,8,0.030323490500450134
1392000,1488.0,36.0,8,0.023059945553541183
1393000,1388.12,32.38,8,0.009322116151452065
1394000,1393.25,32.5,8,0.028612405061721802
1395000,1493.5,37.12,8,0.022032886743545532
1396000,1536.88,37.25,8,0.010207138024270535
1397000,1381.75,32.75,8,0.01297236979007721
1398000,1430.12,33.38,8,0.02392248809337616
1399000,1460.38,34.62,8,0.03728485107421875
1400000,1355.75,32.38,8,0.009547889232635498
1401000,1030.62,22.5,8,0.016046715900301933
1402000,1337.5,30.75,8,0.013470147736370564
1403000,1383.5,32.38,8,0.02465045265853405
1404000,1257.25,29.12,8,0.01570114493370056
1405000,1550.0,38.25,8,0.04179016500711441
1406000,1420.0,33.5,8,0.01619039662182331
1407000,1335.0,30.88,8,0.010753124952316284
1408000,1497.25,37.0,8,0.020984945818781853
1409000,1420.5,34.75,8,0.01583230495452881
1410000,848.12,18.88,8,0.018940938636660576
1411000,1098.62,24.5,8,0.010646581649780273
1412000,1194.38,27.38,8,0.02259908989071846
1413000,1004.38,22.38,8,0.017587369307875633
1414000,1557.0,39.25,8,0.026638217270374298
1415000,1328.12,31.25,8,0.012841222807765007
1416000,1307.5,30.38,8,0.013307366520166397
1417000,1283.78,29.22,9,0.012790270149707794
1418000,1381.88,32.25,8,0.017635224387049675
1419000,1302.12,30.25,8,0.014076979830861092
1420000,1361.25,31.88,8,0.013714025728404522
1421000,1286.62,29.75,8,0.02620517648756504
1422000,1319.62,31.25,8,0.056508660316467285
1423000,1274.0,28.88,8,0.018476447090506554
1424000,1595.25,40.75,8,0.011196013540029526
1425000,1313.75,30.62,8,0.011066916398704052
1426000,1408.0,34.0,8,0.04576587677001953
1427000,1345.88,32.25,8,0.013830522075295448
1428000,1460.25,34.75,8,0.022495776414871216
1429000,1113.5,24.25,8,0.01379408873617649
1430000,1326.5,31.0,8,0.012098542414605618
1431000,1528.25,37.5,8,0.014582499861717224
1432000,1371.25,31.62,8,0.014003478921949863
1433000,1453.75,34.88,8,0.010388039983808994
1434000,1538.88,38.88,8,0.015419164672493935
1435000,1511.62,37.12,8,0.013790018856525421
1436000,1428.88,34.0,8,0.008142944425344467
1437000,1392.62,33.12,8,0.04479888826608658
1438000,1680.38,43.75,8,0.02728026732802391
1439000,1407.88,33.25,8,0.05900586396455765
1440000,1094.5,24.38,8,0.008126683533191681
1441000,1300.62,30.0,8,0.03767429292201996
1442000,1327.5,31.0,8,0.006696202792227268
1443000,1337.25,30.75,8,0.019300099462270737
1444000,1431.5,34.38,8,0.05536516010761261
1445000,1299.88,30.38,8,0.025601793080568314
1446000,1427.88,34.0,8,0.04483284428715706
1447000,1333.38,31.25,8,0.01694331504404545
1448000,1375.12,33.38,8,0.0488167442381382
1449000,1518.5,38.5,8,0.020868126302957535
1450000,1509.38,37.5,8,0.021625544875860214
1451000,1462.38,35.88,8,0.01029597595334053
1452000,1655.5,42.5,8,0.012420739978551865
1453000,1245.62,27.88,8,0.01619090512394905
1454000,1313.0,30.25,8,0.010026459582149982
1455000,1438.25,34.75,8,0.025491684675216675
1456000,1336.25,31.5,8,0.015419047325849533
1457000,1351.75,31.62,8,0.0073277889750897884
1458000,1630.38,41.25,8,0.023205118253827095
1459000,1435.75,34.0,8,0.038974493741989136
1460000,1391.88,33.38,8,0.019663389772176743
1461000,1460.12,35.0,8,0.014917818829417229
1462000,1251.25,28.5,8,0.014974435791373253
1463000,1411.33,33.22,9,0.013545756228268147
1464000,1368.62,31.25,8,0.020511377602815628
1465000,1410.88,33.75,8,0.017442623153328896
1466000,1274.75,29.25,8,0.022609617561101913
1467000,1595.88,40.5,8,0.04843379184603691
1468000,1432.25,34.38,8,0.034078001976013184
1469000,1381.5,33.25,8,0.008955806493759155
1470000,1357.33,31.78,9,0.027221214026212692
1471000,1323.75,31.0,8,0.024102915078401566
1472000,1450.62,35.75,8,0.014748608693480492
1473000,1586.75,39.38,8,0.019081350415945053
1474000,1310.25,30.75,8,0.01739455573260784
1475000,1280.0,29.38,8,0.015370110049843788
1476000,1509.12,37.38,8,0.030582647770643234
1477000,1268.75,29.5,8,0.028955621644854546
1478000,1388.0,32.12,8,0.011506419628858566
1479000,1363.38,31.88,8,0.025778040289878845
1480000,1347.5,31.38,8,0.018793601542711258
1481000,1488.5,36.12,8,0.03598056733608246
1482000,1457.0,34.88,8,0.06469939649105072
1483000,1661.25,43.88,8,0.020628053694963455
1484000,1297.12,30.38,8,0.03828275948762894
1485000,1379.88,33.12,8,0.024716239422559738
1486000,1409.0,33.25,8,0.010261276736855507
1487000,1549.5,38.25,8,0.015348035842180252
1488000,1471.75,35.0,8,0.0073542725294828415
1489000,1260.25,28.88,8,0.011972642503678799
1490000,1274.5,28.88,8,0.010842155665159225
1491000,1335.62,31.12,8,0.04849952459335327
1492000,1285.5,29.62,8,0.020130030810832977
1493000,1494.25,36.12,8,0.018607191741466522
1494000,1452.0,35.5,8,0.02573193609714508
1495000,1413.12,33.88,8,0.08525164425373077
1496000,1280.5,29.25,8,0.008856000378727913
1497000,1456.25,34.88,8,0.021669069305062294
1498000,1306.88,29.75,8,0.015732448548078537
1499000,1434.0,34.75,8,0.010306409560143948
1500000,1540.75,38.75,8,0.022544870153069496
1501000,1565.0,38.5,8,0.015026949346065521
1502000,1277.25,29.5,8,0.010889601893723011
1503000,1456.88,34.62,8,0.016654588282108307
1504000,1257.5,28.75,8,0.013119954615831375
1505000,1515.88,36.75,8,0.010283879935741425
1506000,1458.25,35.25,8,0.026605213060975075
1507000,1489.38,35.75,8,0.021091587841510773
1508000,1528.5,37.62,8,0.01350335031747818
1509000,1441.75,36.25,8,0.008769258856773376
1510000,1566.0,38.38,8,0.006531395949423313
1511000,1377.5,33.5,8,0.011157773435115814
1512000,1446.5,34.88,8,0.008027547970414162
1513000,1556.75,38.62,8,0.013211393728852272
1514000,1342.62,31.5,8,0.01538259256631136
1515000,1355.75,31.12,8,0.00597680127248168
1516000,1460.12,35.0,8,0.01356339082121849
1517000,1509.25,37.0,8,0.010803114622831345
1518000,1604.75,41.25,8,0.013408052735030651
1519000,1514.62,37.0,8,0.010410124436020851
1520000,1407.62,32.75,8,0.022313673049211502
1521000,1467.75,35.38,8,0.014435719698667526
1522000,1546.88,37.88,8,0.006062150001525879
1523000,1448.38,35.38,8,0.043563783168792725
1524000,1535.62,38.25,8,0.01288948580622673
1525000,1538.62,38.75,8,0.016379430890083313
1526000,1505.25,37.0,8,0.027076877653598785
1527000,1557.38,38.12,8,0.027666591107845306
1528000,1557.88,39.38,8,0.012790136970579624
1529000,1591.38,40.75,8,0.019618038088083267
1530000,1290.5,29.38,8,0.022482777014374733
1531000,1363.88,32.38,8,0.01820824295282364
1532000,1460.25,34.62,8,0.009013095870614052
1533000,1483.25,36.38,8,0.016572706401348114
1534000,1413.0,33.38,8,0.013401676900684834
1535000,1455.88,35.0,8,0.021211810410022736
1536000,1408.0,33.5,8,0.009151915088295937
1537000,1621.88,40.88,8,0.04383184015750885
1538000,1366.75,31.38,8,0.0201428160071373
1539000,1588.75,41.12,8,0.012145099230110645
1540000,1339.38,31.12,8,0.025638148188591003
1541000,1461.75,35.5,8,0.020699158310890198
1542000,1394.5,32.62,8,0.016916120424866676
1543000,1376.75,33.0,8,0.031679436564445496
1544000,1411.0,33.25,8,0.013906657695770264
1545000,1256.25,28.25,8,0.032857902348041534
1546000,1652.88,42.25,8,0.02701367251574993
1547000,1285.5,29.0,8,0.03343673050403595
1548000,1286.0,29.75,8,0.017970958724617958
1549000,1374.38,32.5,8,0.013182321563363075
1550000,1465.5,36.25,8,0.020541416481137276
1551000,1372.25,32.0,8,0.015693843364715576
1552000,1544.62,38.75,8,0.014328486286103725
1553000,1412.62,33.62,8,0.010649139061570168
1554000,1355.25,32.5,8,0.01069730520248413
1555000,1584.25,39.88,8,0.010099701583385468
1556000,1344.12,32.75,8,0.01569228246808052
1557000,1394.88,33.25,8,0.038598787039518356
1558000,1335.12,30.75,8,0.011781546287238598
1559000,1406.75,33.12,8,0.03429699316620827
1560000,1373.75,32.88,8,0.021383238956332207
1561000,1426.0,34.0,8,0.009607773274183273
1562000,1509.88,36.75,8,0.016329418867826462
1563000,1471.38,35.75,8,0.01910504698753357
1564000,1462.75,35.88,8,0.014678352512419224
1565000,1393.0,32.75,8,0.01485137827694416
1566000,1532.0,37.12,8,0.01905345544219017
1567000,1382.25,32.5,8,0.023836422711610794
1568000,1369.12,32.38,8,0.008910780772566795
1569000,1425.38,33.62,8,0.01327478513121605
1570000,1476.88,35.38,8,0.00940361525863409
1571000,1359.12,32.25,8,0.014386100694537163
1572000,1483.62,36.88,8,0.019003741443157196
1573000,1556.0,39.0,8,0.014827711507678032
1574000,1361.38,32.25,8,0.023716092109680176
1575000,1357.88,31.38,8,0.01166171208024025
1576000,1272.25,29.25,8,0.05022716894745827
1577000,1629.62,41.75,8,0.00834273174405098
1578000,1414.75,34.0,8,0.016990795731544495
1579000,1373.88,33.25,8,0.012872856110334396
1580000,1322.0,30.38,8,0.012127530761063099
1581000,1263.38,29.0,8,0.018952831625938416
1582000,1389.0,32.25,8,0.05040845274925232
1583000,1413.12,34.0,8,0.015891894698143005
1584000,1450.12,35.25,8,0.012823913246393204
1585000,778.25,17.38,8,0.034096237272024155
1586000,1611.5,40.88,8,0.014740634709596634
1587000,1350.0,32.0,8,0.050027601420879364
1588000,1321.0,31.0,8,0.011173965409398079
1589000,1439.62,34.38,8,0.015592455863952637
1590000,1470.88,35.38,8,0.01060110330581665
1591000,1031.5,22.75,8,0.01592334173619747
1592000,1391.75,33.25,8,0.025734152644872665
1593000,1548.88,38.88,8,0.037774424999952316
1594000,1456.75,35.62,8,0.006591031327843666
1595000,1421.75,34.12,8,0.009565193206071854
1596000,1378.62,33.25,8,0.03252086043357849
1597000,1283.62,29.62,8,0.009088795632123947
1598000,1480.12,36.38,8,0.012049902230501175
1599000,1449.62,35.62,8,0.010364992544054985
1600000,1459.12,35.62,8,0.01702624186873436
1601000,1498.5,38.75,8,0.03620888292789459
1602000,1490.12,36.0,8,0.01828175038099289
1603000,1485.88,35.38,8,0.01374906674027443
1604000,1313.75,30.12,8,0.006200894247740507
1605000,1488.5,35.75,8,0.02469625696539879
1606000,1432.5,34.88,8,0.010970370844006538
1607000,1237.38,29.5,8,0.00793531909584999
1608000,1464.12,35.0,8,0.020131494849920273
1609000,1465.12,36.12,8,0.009086616337299347
1610000,1427.5,33.75,8,0.037292491644620895
1611000,1525.25,39.12,8,0.011513002216815948
1612000,1355.25,33.0,8,0.03278287127614021
1613000,1372.75,33.38,8,0.05382493883371353
1614000,1525.75,37.88,8,0.02430649846792221
1615000,1356.5,32.62,8,0.0180662889033556
1616000,1190.0,26.38,8,0.02827521786093712
1617000,1526.12,38.38,8,0.009430475533008575
1618000,1273.12,29.25,8,0.018012039363384247
1619000,1323.12,30.12,8,0.00824623741209507
1620000,1152.5,25.88,8,0.009818816557526588
1621000,1351.88,31.75,8,0.008965879678726196
1622000,1300.88,29.5,8,0.044714733958244324
1623000,1547.62,39.12,8,0.011298079043626785
1624000,1615.38,41.25,8,0.009562956169247627
1625000,1667.12,43.38,8,0.01458738837391138
1626000,1317.25,30.5,8,0.015338284894824028
1627000,1085.0,24.25,8,0.008086864836513996
1628000,1269.62,28.88,8,0.007234109099954367
1629000,1287.12,29.0,8,0.008444461971521378
1630000,1320.88,30.25,8,0.025239475071430206
1631000,1528.5,38.12,8,0.03296991437673569
1632000,1450.75,35.12,8,0.015835575759410858
1633000,1247.62,27.88,8,0.02751023881137371
1634000,1311.25,30.62,8,0.010233916342258453
1635000,1413.5,33.88,8,0.021919334307312965
1636000,1415.75,33.62,8,0.009351290762424469
1637000,1524.38,37.12,8,0.011393752880394459
1638000,1403.0,34.12,8,0.019305936992168427
1639000,1639.38,41.75,8,0.00726101640611887
1640000,1392.88,32.62,8,0.012317866086959839
1641000,1517.0,37.25,8,0.015188783407211304
1642000,1497.88,38.12,8,0.03531394526362419
1643000,1621.62,43.12,8,0.034985434263944626
1644000,1620.0,40.62,8,0.01214104238897562
1645000,1396.62,35.25,8,0.01040690392255783
1646000,1401.88,33.12,8,0.010260806418955326
1647000,1185.75,26.5,8,0.012073511257767677
1648000,1445.5,34.0,8,0.008215849287807941
1649000,1251.75,29.75,8,0.027932796627283096
1650000,1515.12,38.38,8,0.017989017069339752
1651000,1365.75,31.62,8,0.08404688537120819
1652000,1478.75,36.38,8,0.02246726118028164
1653000,1516.25,37.5,8,0.013761935755610466
1654000,1634.38,42.25,8,0.03528676927089691
1655000,1468.88,35.0,8,0.007595335133373737
1656000,1499.88,37.25,8,0.00984187237918377
1657000,1610.12,42.62,8,0.011129310354590416
1658000,1410.12,33.62,8,0.033970266580581665
1659000,1400.5,32.88,8,0.011225955560803413
1660000,1429.88,34.88,8,0.010857987217605114
1661000,1373.75,32.88,8,0.021516067907214165
1662000,1551.38,38.12,8,0.013425339944660664
1663000,1342.0,31.38,8,0.03632965683937073
1664000,1469.25,36.5,8,0.011001341976225376
1665000,1383.25,33.12,8,0.04382525756955147
1666000,1507.88,36.5,8,0.0379447415471077
1667000,1178.5,27.25,8,0.010651989839971066
1668000,1095.62,24.25,8,0.008273995481431484
1669000,1322.38,30.62,8,0.011007830500602722
1670000,1073.0,24.38,8,0.05346571281552315
1671000,1153.0,25.62,8,0.0198696106672287
1672000,1394.5,32.88,8,0.009512972086668015
1673000,1415.5,34.62,8,0.010440845973789692
1674000,1566.62,39.25,8,0.01139232236891985
1675000,1473.25,36.12,8,0.018959734588861465
1676000,1414.12,33.38,8,0.025016967207193375
1677000,1453.12,34.75,8,0.014966834336519241
1678000,1452.75,35.38,8,0.013469971716403961
1679000,1385.75,32.0,8,0.022627228870987892
1680000,1391.88,32.5,8,0.015086224302649498
1681000,1340.25,30.75,8,0.007539207581430674
1682000,1369.12,31.62,8,0.024767685681581497
1683000,1429.38,33.88,8,0.02053418755531311
1684000,1458.12,36.0,8,0.0081822844222188
1685000,1375.25,33.12,8,0.014635923318564892
1686000,1424.62,34.12,8,0.017114628106355667
1687000,1358.0,31.62,8,0.01364625059068203
1688000,1524.88,37.5,8,0.02910248190164566
1689000,1527.12,37.25,8,0.01609528623521328
1690000,1351.62,32.25,8,0.013443837873637676
1691000,1277.62,29.38,8,0.03186042234301567
1692000,1413.12,33.5,8,0.00928454753011465
1693000,1360.12,31.25,8,0.00766427256166935
1694000,1419.12,33.62,8,0.012272590771317482
1695000,1268.88,29.25,8,0.02175842598080635
1696000,1274.88,30.75,8,0.007529282942414284
1697000,1377.88,32.5,8,0.008203059434890747
1698000,1240.88,28.12,8,0.006358738522976637
1699000,1417.88,33.38,8,0.009594345465302467
1700000,1484.25,35.88,8,0.014783700928092003
1701000,1376.75,33.0,8,0.01716463640332222
1702000,1347.0,31.0,8,0.011681750416755676
1703000,1482.0,36.12,8,0.009659521281719208
1704000,1273.12,30.38,8,0.01527214515954256
1705000,1380.38,32.38,8,0.029818587005138397
1706000,1348.88,31.62,8,0.0111078517511487
1707000,1239.75,27.75,8,0.023995358496904373
1708000,1529.5,37.75,8,0.010329124517738819
1709000,1440.12,34.62,8,0.019629931077361107
1710000,1487.62,36.88,8,0.031930796802043915
1711000,1399.38,33.25,8,0.009086672216653824
1712000,1430.75,34.62,8,0.046986762434244156
1713000,1463.5,35.62,8,0.017283102497458458
1714000,1669.38,43.25,8,0.020364630967378616
1715000,1378.5,32.5,8,0.023280447348952293
1716000,1465.88,35.25,8,0.013733570463955402
1717000,1613.25,41.38,8,0.020652147009968758
1718000,1517.75,38.38,8,0.006876390427350998
1719000,1384.75,33.25,8,0.009373950771987438
1720000,1289.62,29.12,8,0.03365609049797058
1721000,1401.88,32.88,8,0.01813831366598606
1722000,1413.62,33.25,8,0.013800427317619324
1723000,1377.0,32.88,8,0.024247413501143456
1724000,1394.62,33.88,8,0.023144979029893875
1725000,1425.88,34.38,8,0.044519465416669846
1726000,1423.75,33.62,8,0.017657212913036346
1727000,1422.62,34.0,8,0.023339424282312393
1728000,1499.12,37.25,8,0.012189039960503578
1729000,1121.12,24.88,8,0.013009719550609589
1730000,1649.75,43.5,8,0.028275588527321815
1731000,1353.25,32.0,8,0.013827010989189148
1732000,1546.88,38.62,8,0.011242710053920746
1733000,1499.12,37.25,8,0.030171308666467667
1734000,1374.38,32.38,8,0.012085902504622936
1735000,1515.12,37.62,8,0.009182363748550415
1736000,1383.62,33.12,8,0.006827604025602341
1737000,1427.62,33.75,8,0.012175042182207108
1738000,1556.5,39.5,8,0.010235905647277832
1739000,1398.38,32.88,8,0.03259783983230591
1740000,1455.0,34.38,8,0.05343236029148102
1741000,1461.75,36.62,8,0.00995541363954544
1742000,1292.5,30.12,8,0.017568126320838928
1743000,1468.5,36.12,8,0.01700620725750923
1744000,1409.12,33.5,8,0.03476880118250847
1745000,1562.62,39.88,8,0.0136514101177454
1746000,1457.25,36.62,8,0.035434115678071976
1747000,1429.88,34.5,8,0.02663181535899639
1748000,1448.88,35.12,8,0.04340715706348419
1749000,1645.0,44.0,8,0.005745006259530783
1750000,1408.38,35.88,8,0.027702175080776215
1751000,1477.12,37.38,8,0.0343843474984169
1752000,1628.12,41.88,8,0.012088406831026077
1753000,1371.0,33.0,8,0.027304138988256454
1754000,1261.25,30.0,8,0.009163087233901024
1755000,1335.38,31.62,8,0.020914871245622635
1756000,1473.0,35.5,8,0.0055045438930392265
1757000,1451.62,34.12,8,0.009891264140605927
1758000,1513.12,37.75,8,0.017309503629803658
1759000,1429.0,34.75,8,0.025063717737793922
1760000,1505.0,37.0,8,0.013782062567770481
1761000,1572.38,39.5,8,0.012797577306628227
1762000,1470.38,35.0,8,0.01179009210318327
1763000,1513.75,37.12,8,0.010092130862176418
1764000,1628.12,42.25,8,0.02208356000483036
1765000,1570.25,39.12,8,0.01180057879537344
1766000,1246.75,28.75,8,0.023796439170837402
1767000,1541.38,38.25,8,0.03951369971036911
1768000,1419.25,33.88,8,0.0068873632699251175
1769000,1340.12,31.25,8,0.007303619757294655
1770000,1336.25,31.38,8,0.03544149547815323
1771000,1283.25,30.0,8,0.015160540118813515
1772000,1340.0,30.88,8,0.015351997688412666
1773000,1488.88,36.25,8,0.01859598606824875
1774000,1674.12,43.38,8,0.011824646964669228
1775000,1566.5,38.38,8,0.024638008326292038
1776000,1555.25,39.62,8,0.010644424706697464
1777000,1559.0,39.5,8,0.03233698755502701
1778000,1365.5,32.5,8,0.01779402419924736
1779000,1518.38,38.75,8,0.038258232176303864
1780000,1449.88,35.25,8,0.01897725835442543
1781000,1445.25,35.25,8,0.01117074117064476
1782000,1474.12,36.25,8,0.028431765735149384
1783000,1476.88,36.25,8,0.025317346677184105
1784000,1358.12,31.38,8,0.014683798886835575
1785000,1522.0,37.67,9,0.007502101361751556
1786000,1351.38,31.62,8,0.022372031584382057
1787000,1556.62,39.0,8,0.028417415916919708
1788000,1415.38,34.12,8,0.018864398822188377
1789000,1526.25,38.5,8,0.006915982812643051
1790000,1460.75,35.5,8,0.01082918606698513
1791000,1187.75,26.88,8,0.01734207756817341
1792000,1118.62,24.5,8,0.010170637629926205
1793000,1353.25,31.12,8,0.024778515100479126
1794000,1514.5,38.12,8,0.011851320043206215
1795000,1530.0,37.38,8,0.011675206944346428
1796000,1353.88,32.12,8,0.01646435260772705
1797000,1281.0,29.12,8,0.02236059308052063
1798000,1375.25,32.62,8,0.013394818641245365
1799000,1395.88,33.0,8,0.01964924857020378
1800000,1411.88,33.12,8,0.019092164933681488
1801000,1627.88,41.38,8,0.043510664254426956
1802000,1395.38,34.0,8,0.011501374654471874
1803000,1396.62,33.62,8,0.012704102322459221
1804000,1506.62,36.75,8,0.0572047233581543
1805000,1595.88,40.0,8,0.011077845469117165
1806000,1347.12,31.75,8,0.045146550983190536
1807000,1496.0,37.62,8,0.012819218449294567
1808000,1380.25,33.5,8,0.021870233118534088
1809000,1514.62,37.88,8,0.0066254399716854095
1810000,1381.38,32.88,8,0.014313108287751675
1811000,1527.5,37.88,8,0.013431859202682972
1812000,1491.25,36.5,8,0.022692397236824036
1813000,1383.5,33.0,8,0.05706315115094185
1814000,1393.0,32.75,8,0.012212025001645088
1815000,1474.0,35.12,8,0.011039827018976212
1816000,1303.0,29.5,8,0.03203916549682617
1817000,1202.38,27.0,8,0.01404354628175497
1818000,1152.62,25.38,8,0.014644558541476727
1819000,1331.25,31.25,8,0.021268412470817566
1820000,1460.5,36.12,8,0.011911334469914436
1821000,1455.88,36.0,8,0.017426617443561554
1822000,1411.25,32.88,8,0.009902853518724442
1823000,1239.88,28.75,8,0.02448166534304619
1824000,1403.0,33.0,9,0.01260492391884327
1825000,1159.5,25.38,8,0.025349173694849014
1826000,1437.25,35.25,8,0.020481903105974197
1827000,1294.12,29.12,8,0.07647056132555008
1828000,1603.75,41.12,8,0.007635282352566719
1829000,1317.62,30.0,8,0.01989733800292015
1830000,1447.0,35.12,8,0.014158795587718487
1831000,1479.38,35.62,8,0.0321006178855896
1832000,1615.38,40.5,8,0.007543850690126419
1833000,1496.38,36.25,8,0.021336084231734276
1834000,1415.12,33.5,8,0.011252121068537235
1835000,1400.25,34.5,8,0.008726488798856735
1836000,1388.12,32.88,8,0.02779708430171013
1837000,1266.75,29.25,8,0.012621755711734295
1838000,1350.88,31.75,8,0.021529078483581543
1839000,1474.75,35.75,8,0.01831187680363655
1840000,1330.0,30.88,8,0.013382591307163239
1841000,1432.38,34.75,8,0.02026662789285183
1842000,1479.62,35.62,8,0.01321577187627554
1843000,1511.12,37.38,8,0.011213932186365128
1844000,1359.0,32.38,8,0.058124784380197525
1845000,1484.62,36.75,8,0.008910714648663998
1846000,1492.0,37.38,8,0.01953335478901863
1847000,1565.0,39.38,8,0.012058225460350513
1848000,1356.25,32.5,8,0.01654338464140892
1849000,1375.0,32.38,8,0.012456280179321766
1850000,1143.88,26.25,8,0.025260228663682938
1851000,1471.75,35.0,8,0.011014189571142197
1852000,1546.38,37.75,8,0.005518398247659206
1853000,1357.75,32.75,8,0.015354773961007595
1854000,1497.75,36.25,8,0.03136571869254112
1855000,1375.25,32.25,8,0.01211276464164257
1856000,1667.5,43.25,8,0.02382753975689411
1857000,1213.88,27.12,8,0.016390342265367508
1858000,1399.38,33.5,8,0.010134978219866753
1859000,1455.88,34.5,8,0.011267395690083504
1860000,1655.0,42.88,8,0.029814675450325012
1861000,1595.12,41.88,8,0.015854310244321823
1862000,1172.0,25.88,8,0.011511197313666344
1863000,1448.12,34.38,8,0.007137773092836142
1864000,1553.0,39.38,8,0.03292561322450638
1865000,1527.62,38.12,8,0.008069307543337345
1866000,1465.12,36.0,8,0.023449432104825974
1867000,1470.38,35.5,8,0.01805395632982254
1868000,1399.62,33.0,8,0.0152959655970335
1869000,1456.12,35.62,8,0.008329679258167744
1870000,1411.62,33.75,8,0.019166622310876846
1871000,1438.62,34.75,8,0.006905636750161648
1872000,1451.25,34.62,8,0.03643392398953438
1873000,1583.88,41.12,8,0.014320196583867073
1874000,1577.0,40.38,8,0.010860932990908623
1875000,1494.0,37.0,8,0.03033122606575489
1876000,1487.12,36.62,8,0.011607754044234753
1877000,1320.62,30.88,8,0.008425649255514145
1878000,1387.12,33.75,8,0.01383201777935028
1879000,1343.12,31.75,8,0.03266190364956856
1880000,1470.25,36.12,8,0.009960688650608063
1881000,1388.5,32.62,8,0.04405947029590607
1882000,1247.88,28.38,8,0.0069170063361525536
1883000,1539.62,38.75,8,0.009114332497119904
1884000,1469.38,36.62,8,0.009710574522614479
1885000,1479.38,36.0,8,0.025510424748063087
1886000,1592.88,41.0,8,0.019177880138158798
1887000,1542.12,39.25,8,0.013621199876070023
1888000,1452.0,34.88,8,0.01626916043460369
1889000,1503.89,36.44,9,0.019244486466050148
1890000,1458.0,35.0,8,0.007514092139899731
1891000,1453.88,34.88,8,0.013690786436200142
1892000,1662.0,44.38,8,0.012235909700393677
1893000,1375.62,32.38,8,0.010819729417562485
1894000,1350.0,31.5,8,0.01045365259051323
1895000,1370.0,32.0,8,0.017586344853043556
1896000,1339.25,31.5,8,0.0274641253054142
1897000,1428.88,34.0,8,0.04474000632762909
1898000,1548.62,38.88,8,0.025421231985092163
1899000,1645.88,43.0,8,0.00873362272977829
1900000,1511.88,37.5,8,0.011798851191997528
1901000,1351.5,32.62,8,0.01572839729487896
1902000,1610.12,41.25,8,0.006125750485807657
1903000,1541.5,38.0,8,0.009238258004188538
1904000,1474.12,36.25,8,0.03624776750802994
1905000,1491.88,37.12,8,0.010726634413003922
1906000,1536.12,38.5,8,0.017999162897467613
1907000,1583.75,39.62,8,0.01459400076419115
1908000,1556.0,39.5,8,0.011946987360715866
1909000,1658.75,42.62,8,0.00946073792874813
1910000,1368.12,32.38,8,0.007983459159731865
1911000,1454.75,35.38,8,0.006338316015899181
1912000,1387.62,33.0,8,0.016978610306978226
1913000,1260.0,31.38,8,0.017381219193339348
1914000,1589.0,39.25,8,0.011964676901698112
1915000,1300.0,29.75,8,0.023886844515800476
1916000,1422.38,35.5,8,0.008775819092988968
1917000,1442.89,34.44,9,0.013674687594175339
1918000,1487.38,36.25,8,0.004930879920721054
1919000,1316.25,30.38,8,0.012055223807692528
1920000,1426.12,34.12,8,0.023761292919516563
1921000,1443.0,34.38,8,0.007888572290539742
1922000,1456.12,35.12,8,0.022940248250961304
1923000,1468.12,35.38,8,0.039077162742614746
1924000,1557.88,39.38,8,0.011664202436804771
1925000,1454.88,35.62,8,0.020589178428053856
1926000,1482.5,36.12,8,0.017995696514844894
1927000,1391.38,32.62,8,0.01491509284824133
1928000,1304.88,30.5,8,0.01395105104893446
1929000,1479.62,35.5,8,0.009288356639444828
1930000,1337.88,30.88,8,0.012680383399128914
1931000,1465.62,37.62,8,0.021739710122346878
1932000,1446.0,34.75,8,0.014229044318199158
1933000,1406.0,34.0,8,0.011478016152977943
1934000,1428.38,34.0,8,0.02716551534831524
1935000,1487.38,36.0,8,0.014970313757658005
1936000,1483.62,35.88,8,0.01632997952401638
1937000,1205.75,26.88,8,0.015997398644685745
1938000,1520.5,37.12,8,0.04055774584412575
1939000,1398.25,33.0,8,0.010077323764562607
1940000,1432.38,33.88,8,0.012053949758410454
1941000,1559.25,38.88,8,0.04414563626050949
1942000,1584.0,39.88,8,0.015311435796320438
1943000,1560.62,39.62,8,0.010471085086464882
1944000,1568.25,39.5,8,0.028715793043375015
1945000,1364.5,32.0,8,0.01755116693675518
1946000,1520.62,38.75,8,0.015333674848079681
1947000,1403.62,34.25,8,0.006222925148904324
1948000,1501.5,38.0,8,0.014517894014716148
1949000,1570.75,40.25,8,0.038815636187791824
1950000,1494.5,36.12,8,0.023675143718719482
1951000,1442.25,35.0,8,0.059150293469429016
1952000,1387.5,33.12,8,0.015584164299070835
1953000,1359.62,31.88,8,0.020052596926689148
1954000,1307.5,30.0,8,0.019515391439199448
1955000,1520.5,37.62,8,0.014729839749634266
1956000,1487.0,37.38,8,0.035463638603687286
1957000,1421.25,34.0,8,0.053621403872966766
1958000,1416.62,33.62,8,0.012885010801255703
1959000,1557.12,39.12,8,0.04587024822831154
1960000,1466.25,35.12,8,0.008730866946280003
1961000,1355.38,31.75,8,0.020951641723513603
1962000,1314.0,31.0,8,0.009312319569289684
1963000,1402.62,34.12,8,0.013347318395972252
1964000,1437.25,35.12,8,0.02059187926352024
1965000,1507.62,36.25,8,0.01112373173236847
1966000,1385.25,32.38,8,0.049123477190732956
1967000,1353.38,31.25,8,0.03133680298924446
1968000,1487.5,36.25,8,0.007954547181725502
1969000,1527.62,37.75,8,0.014132384210824966
1970000,1379.88,32.5,8,0.019749902188777924
1971000,1453.25,35.0,8,0.01444019004702568
1972000,1332.38,30.75,8,0.014195847325026989
1973000,1497.38,36.5,8,0.008622542023658752
1974000,1403.25,33.25,8,0.01457308791577816
1975000,1558.25,38.88,8,0.01921779476106167
1976000,1273.62,28.75,8,0.015342897735536098
1977000,1541.0,38.12,8,0.01815367117524147
1978000,1338.38,31.0,8,0.013413378968834877
1979000,1413.0,34.5,8,0.009310359135270119
1980000,1528.38,37.38,8,0.012015897780656815
1981000,1223.5,27.75,8,0.01837555319070816
1982000,1294.62,29.88,8,0.024959534406661987
1983000,1216.5,27.12,8,0.025152329355478287
1984000,1163.62,26.75,8,0.02208954654633999
1985000,1523.88,37.25,8,0.030695848166942596
1986000,1217.75,27.25,8,0.012662716209888458
1987000,1371.0,32.0,8,0.01692049764096737
1988000,1418.0,33.88,8,0.01837904192507267
1989000,1246.25,30.25,8,0.016517676413059235
1990000,1340.88,30.75,8,0.02196205034852028
1991000,1241.62,28.5,8,0.012348625808954239
1992000,1270.38,29.62,8,0.009437249973416328
1993000,1269.38,29.25,8,0.03473898023366928
1994000,1360.62,32.0,8,0.008183125406503677
1995000,1134.12,25.38,8,0.03745514899492264
1996000,1416.75,33.88,8,0.0430411659181118
1997000,1476.12,36.12,8,0.013303379528224468
1998000,1334.12,30.5,8,0.020728450268507004
1999000,1271.25,28.62,8,0.010160979814827442
2000000,1488.88,35.5,8,0.010849693790078163
